title,location,condition,sector,company
신규솔루션 개발(Java/JavaScript/React)신입/경력 채용,서울 영등포구 ,신입·경력 학력무관 정규직,백엔드/서버개발 React 웹개발 프론트엔드 SE(시스템엔지니어),㈜넷앤드
[PHP/React Native/iOS/웹퍼블리셔] 각 부문별 경력직 모집,서울 서초구 ,신입·경력 학력무관 정규직,백엔드/서버개발 ReactJS React-Native React 기술지원,㈜해커스교육그룹
프로트엔드(React.js) 개발자 채용,서울 강남구 ,"신입 초대졸↑ 정규직 2,800 이상 (면접 후 협의)",백엔드/서버개발 React 프론트엔드 S/W 블록체인,다이브(주)
멋들어진 - React 웹 개발자를 모집합니다.,서울 종로구 ,경력 학력무관 정규직·계약직,백엔드/서버개발 ReactJS React 웹개발 프론트엔드,(주)멋들어진
"Node, 리액트(React), 뷰(Vue) 웹 개발자 정규직 채용(신입)",서울 강남구 ,경력무관 학력무관 정규직,백엔드/서버개발 ReactJS React 프론트엔드 API,플렉스웹
"Node, 리액트(React), 뷰(Vue) 웹 개발자 정규직 채용(경력무관)",서울 강남구 ,경력무관 학력무관 정규직,백엔드/서버개발 ReactJS React 프론트엔드 API,플렉스웹
"Node.js 및 React, GraphQL 개발자 모집",서울 강서구 ,경력무관 대졸↑ 정규직·인턴직,백엔드/서버개발 React 퍼블리셔 프론트엔드 Javascript,(주)바운스코드
React Front-End 개발자,서울전체 ,신입·경력 대졸↑ 정규직,백엔드/서버개발 React 웹개발 퍼블리셔 프론트엔드,(주)에스브이
React 프론트엔드 개발자,대전전체 ,신입·경력 학력무관 정규직,백엔드/서버개발 ReactJS React 앱개발 웹개발,코보티스(주)
[IT 스타트업 미니빅] 프론트엔드 개발자(React) 채용,서울전체 ,신입·경력 고졸↑ 정규직,백엔드/서버개발 React 웹개발 퍼블리셔 프론트엔드,(주)클로마운트
[IT 스타트업 미니빅] 앱 개발자(React Native) 채용,서울전체 ,신입·경력 학력무관 정규직,백엔드/서버개발 ReactJS React-Native React 앱개발,(주)클로마운트
[Bepro11] React 개발자 (근무지 : 런던 또는 서울),서울전체 ,경력 3~10년 학력무관 정규직,백엔드/서버개발 ReactJS React 웹개발 퍼블리셔,(주)비프로컴퍼니
[업계1위/초봉5천]서비스플랫폼 프론트엔드엔지니어 (React),서울전체 ,경력3년↑ 학력무관 정규직,백엔드/서버개발 React 웹개발 퍼블리셔 프론트엔드,(주)버즈니
"아토즈소프트에서 Java  & NodeJS/ (React, Angular) 경력직 모",서울 성동구 ,신입·경력 대졸↑ 정규직,백엔드/서버개발 ReactJS React 앱개발 웹개발,주식회사 아토즈소프트
"[경력] 프론트엔드 개발자 경력 정규직 채용 (Vuejs, React)",서울 용산구 ,경력5년↑ 학력무관 정규직,백엔드/서버개발 React 웹개발 프론트엔드 .NET,(주)유엔이
"App/Web 개발자 (react, react-native, swift, kotlin, node)",서울 구로구 ,경력무관 초대졸↑ 정규직,백엔드/서버개발 React-Native React 퍼블리셔 프론트엔드,(주)뉴비즈스타트
[경력] Web Frontend 개발자 -  React(TypeScript),서울 강남구 ,경력 3~10년 초대졸↑ 정규직,백엔드/서버개발 React 프론트엔드 CSS HTML,(주)스카우트플랜
웹 프론트엔드(React) 및 백엔드(Python) 개발,서울 서초구 ,경력1년↑ 학력무관 정규직,백엔드/서버개발 ReactJS React 웹개발 프론트엔드,주식회사 아군
(주)그레이스타인그룹 React 개발자를 모집합니다,서울 강남구 ,경력 1~3년 학력무관 정규직,백엔드/서버개발 React 웹개발 프론트엔드 AWS,(주)그레이스타인그룹
리엑트 네이티브(React Native)경력 개발직원 모집,서울 금천구 ,"경력 5~10년 학력무관 정규직·계약직 6,000 만원",백엔드/서버개발 React 앱개발 프론트엔드 Android,비디앱스
[BSG] JavaScript/NodeJS/React 풀스택 Full Stack 개발자,서울 강남구 ,경력1년↑ 학력무관 정규직·계약직,백엔드/서버개발 ReactJS React 프론트엔드 API,비에스지파트너스
React Native를 활용한 iOS/Android 신규 App 개발자 채용,서울전체 ,경력 1~5년 초대졸↑ 정규직,백엔드/서버개발 React-Native React 앱개발 웹개발,(주)에임메드
React Native APP 개발자,서울전체 ,경력 3~8년 학력무관 정규직,백엔드/서버개발 React 앱개발 프론트엔드 Android,(주)덴컴
[React] 웹 프론트엔드 개발자,서울 종로구 ,경력2년↑ 학력무관 정규직,백엔드/서버개발 React 프론트엔드 C++ Node.js,(주)클라이머스
"개발자(Node.js, Vue.js, React.js) 모집",서울 서초구 ,경력1년↑ 초대졸↑ 정규직,백엔드/서버개발 React-Native React 앱개발 웹개발,(주)우디
React / React Native / javascript 개발자(경력),서울전체 ,경력 2~5년 대졸↑ 정규직,백엔드/서버개발 ReactJS React-Native React 앱개발,(주)블록오디세이
[윙잇] 커머스 React.js 웹프론트엔드 개발자,서울전체 ,경력 2~9년 대졸↑ 정규직,백엔드/서버개발 ReactJS React 웹개발 프론트엔드,(주)아그레아블
[충무로] 사회보장정보원 업무시스템 구축(react / java),서울 구로구 ,경력6년↑ 학력무관 정규직·계약직,백엔드/서버개발 ReactJS React 웹개발 프론트엔드,(주)씨엔씨네트웍스
"플랫폼 서비스 (iOS, AOS, react, nodejs)  개발자 모집",서울 서초구 ,경력1년↑ 학력무관 정규직,백엔드/서버개발 React 앱개발 웹개발 프론트엔드,(주)블라블라이엔엠
[정규직] Node.js / Python / React 프론트/백엔드 웹개발자 모,서울 금천구 ,경력무관 학력무관 정규직,백엔드/서버개발 React 웹개발 프론트엔드 Ajax,(주)유니온콘텐츠
앱 / 웹 풀스택 개발자 채용 (React/Node),서울 서초구 ,경력무관 학력무관 정규직,백엔드/서버개발 ReactJS React-Native React 앱개발,디지털엑스
어플리케이션/웹 개발자 모집 (React/Node),서울 서초구 ,신입 대졸↑ 정규직,백엔드/서버개발 ReactJS React-Native React 앱개발,디지털엑스
2021 하반기 React Native 앱개발자 모집,서울 송파구 ,신입·경력 대졸↑ 정규직·프리랜서,백엔드/서버개발 ReactJS React-Native React 웹개발,(주)유즈잇
[업계1위 유명 온라인 플랫폼 기업] React Native 개발자,서울 강남구 ,경력3년↑ 대졸↑ 정규직,백엔드/서버개발 React-Native React 앱개발 웹개발,굿커리어
Spring/JAVA/React 웹개발 경력사원 채용 공고,서울 마포구 ,"신입·경력 초대졸↑ 정규직 3,600 만원",백엔드/서버개발 React 웹개발 퍼블리셔 프론트엔드,주식회사 팝스라인
React 웹 프론트엔드 개발자,서울전체 ,경력 2~10년 고졸↑ 정규직,백엔드/서버개발 React 퍼블리셔 프론트엔드 웹표준·웹접근성,(주)더브이플래닛
"Php, Node js, React js  개발자(경력직)",서울전체 ,경력 2~8년 학력무관 정규직,백엔드/서버개발 React 웹개발 프론트엔드 C++,(주)클라우봇
React-native 프론트엔드 개발자,서울전체 ,경력 2~10년 학력무관 정규직,백엔드/서버개발 React-Native React 프론트엔드 Git,금방(주)
"벤처IT개발 백엔드,프론트 (Java,React) 핵심 인력 파격조건",대전 유성구 ,경력1년↑ 초대졸↑ 정규직·계약직,백엔드/서버개발 React-Native React 프론트엔드 Java,아이티그라운드
Front-end/플랫폼개발/vue.js /react 기반 SPA/환경가전대기업,서울 구로구 ,경력 5~16년 대졸↑ 정규직,백엔드/서버개발 React 앱개발 웹개발 프론트엔드,오픈포지션
[호텔에삶] 앱 개발자(React Native),서울전체 ,경력 3~10년 학력무관 정규직,백엔드/서버개발 React-Native React 앱개발 웹개발,(주)트래블메이커스
프론트엔드 엔지니어 (React.js),서울 강남구 ,경력무관 초대졸↑ 정규직·계약직,백엔드/서버개발 프론트엔드 S/W 소프트웨어개발,(주)테서
"쥬비스 개발자 신입/경력 (자바개발자, 리액트, 안드로이드)",서울 강남구 ,신입·경력 대졸↑ 정규직,백엔드/서버개발 React 앱개발 웹개발 프론트엔드,(주)쥬비스다이어트
[scale up] 리액트 APP 개발자,서울전체 ,경력 3~7년 초대졸↑ 정규직,백엔드/서버개발 ReactJS React-Native React 앱개발,(주)넥스트레벨스튜디오
2022년 각 부문 신입/경력 채용,서울전체 ,신입·경력 초대졸↑ 정규직·계약직,백엔드/서버개발 React 앱개발 프론트엔드 DBA,(주)그린카
2022년 대규모 공개 채용,서울 강남구 ,신입·경력 학력무관 정규직·계약직,백엔드/서버개발 ReactJS React 데이터분석가 웹개발,(주)델리오
현대오토에버 ICT부문 대규모 경력채용,서울 강남구 ,경력3년↑ 학력무관 정규직,백엔드/서버개발 React 웹개발 프론트엔드 DBA,현대오토에버(주)
상반기 각 부문 신입 및 경력 채용,서울 강남구 ,신입·경력 학력무관 정규직,백엔드/서버개발 React-Native React 앱개발 웹개발,(주)무스마
[하나금융그룹/SK텔레콤 합작회사] 경력직 수시 채용,서울전체 ,경력 학력무관 정규직·계약직,백엔드/서버개발 ReactJS React-Native React 웹개발,(주)핀크
대규모 투자유치로 급성장중인 스타트업 '패스오더' 전직군 채용,서울전체 ,경력무관 학력무관 정규직·계약직,백엔드/서버개발 ReactJS React-Native React 유지보수,(주)페이타랩
현대자동차 그룹사 (주)지아이티 상반기 대규모 공채/수시 채용 (경력/신입),서울전체 ,신입·경력 학력무관 인턴직,백엔드/서버개발 React 데이터분석가 앱개발 웹개발,(주)지아이티
2022년 코오롱그룹 1월 정기공채,대전전체 ,신입·경력 학력무관 정규직,백엔드/서버개발 React 보안컨설팅 유지보수 정보보안,(주)코오롱
"개발자:백엔드&프론트엔드/데이터&클라우드,IT 기획(UI,UX),GA컨설팅,스마트팜 분석",서울전체 ,신입·경력 학력무관 정규직,백엔드/서버개발 ReactJS React-Native React 데이터분석가,(주)골든플래닛
2022년 한미헬스케어㈜ 1월 수시 채용,서울 송파구 ,신입·경력 대졸↑ 정규직,백엔드/서버개발 React 앱개발 웹개발 유지보수,한미헬스케어(주)
2022년 각 부문별 경력/신입 채용,서울 영등포구 ,신입·경력 고졸↑ 정규직,백엔드/서버개발 React 데이터분석가 앱개발 웹개발,행복쇼핑(주)
[브이알에듀] 2022년 상반기 공채 채용공고,서울 마포구 ,경력무관 학력무관 정규직,백엔드/서버개발 React 프론트엔드 경영지원 영업MD,(주)브이알에듀
이마트 Digital Transformation 경력직 채용,서울전체 ,경력 대졸↑ 정규직,백엔드/서버개발 React 앱개발 웹개발 프론트엔드,(주)이마트
[KG모빌리언스] IT 부문 채용,서울 중구 ,경력무관 학력무관 정규직,백엔드/서버개발 React 앱개발 웹개발 정보보안,(주)케이지모빌리언스
㈜딥노이드 각 부문 신입 / 경력 채용,서울 구로구 ,경력무관 학력무관 정규직·계약직,백엔드/서버개발 React 웹개발 프론트엔드 QA/테스터,(주)딥노이드
2022년 각 부문 신입/경력 채용,서울전체 ,신입·경력 학력무관 정규직,백엔드/서버개발 React 데이터분석가 앱개발 웹개발,더이앤엠(주)
㈜eMoney 2022년 상반기 각 부문 신입/경력 채용,서울전체 ,신입·경력 학력무관 정규직,백엔드/서버개발 React 앱개발 웹개발 웹마스터,(주)이머니
프론트앤드/백앤드 개발직군 및 사무기획 직군 정규직 채용,서울 마포구 ,경력무관 학력무관 정규직,백엔드/서버개발 ReactJS React-Native React 앱개발,디지엠정보기술(주)
[동아제약/동아쏘시오그룹]디에이인포메이션(주) 각 부문 채용,서울 동대문구 ,신입·경력 고졸↑ 정규직,백엔드/서버개발 React 데이터분석가 데이터엔지니어 보안컨설팅,디에이인포메이션(주)
[본사] 2022년 1월 잇올그룹 부서별 공개채용 (신입/경력),서울전체 ,경력무관 학력무관 정규직,백엔드/서버개발 ReactJS React 앱개발 프론트엔드,(주)잇올
[메가존클라우드] Developer & Designer 채용,서울전체 ,경력무관 학력무관 정규직,백엔드/서버개발 React 앱개발 웹개발 웹마스터,메가존클라우드(주)
[에듀테크 스타트업 오누이/설탭] 대규모 개발자 채용,서울 마포구 ,경력 학력무관 정규직,백엔드/서버개발 ReactJS React-Native React 기술지원,(주)오누이
[블라블라ENM] 각 부문 신입 및 경력 모집,서울 강남구 ,신입·경력 학력무관 정규직,백엔드/서버개발 React 앱개발 웹개발 프론트엔드,(주)블라블라이엔엠
"프론트엔드, 퍼블리셔, 웹게임 개발부문 경력모집",서울전체 ,경력 학력무관 정규직,백엔드/서버개발 ReactJS React 게임개발 데이터분석가,(주)플렉스이엔엠
IT보안솔루션 기업 ㈜라바웨이브 마케팅/R&D/재무/인사 채용,서울 강남구 ,경력 초대졸↑ 정규직,백엔드/서버개발 React 데이터분석가 데이터엔지니어 보안컨설팅,(주)라바웨이브
2022년 정규직 채용 INNOVATION X와 함께할 팀원을 모집합니다,서울 구로구 ,경력무관 학력무관 정규직,백엔드/서버개발 React 웹개발 프론트엔드 Java,(주)이노베이션엑스
2022년 상반기 각 부문별 신입/경력 채용공고,서울 영등포구 ,신입·경력 학력무관 정규직,백엔드/서버개발 React-Native React 기술지원 데이터엔지니어,(주)시큐어원
Java 웹개발자 신입/경력 채용,서울 영등포구 ,신입·경력 초대졸↑ 정규직,백엔드/서버개발 React 기술지원 웹개발 유지보수,(주)유알피시스템
"부문별 대규모 채용 (보상,기획,IT·개발,마케팅,영업,스태프)",서울전체 ,경력 학력무관 정규직·계약직,백엔드/서버개발 데이터분석가 웹개발 프론트엔드 머신러닝,캐롯손해보험(주)
2021년 부문별 신입/경력사원 채용공고,서울전체 ,경력2년↑ 학력무관 정규직,백엔드/서버개발 데이터분석가 데이터엔지니어 프론트엔드 SE(시스템엔지니어),(주)인터브리드
[HDJunction] 부문별 경력직 채용,서울 서초구 ,신입·경력 학력무관 정규직,백엔드/서버개발 데이터분석가 보안컨설팅 앱개발 웹개발,(주)에이치디정션
"웹 /모바일 개발자 #초봉3,800#유연근무#정규직#선릉역#삼성역",서울 강남구 ,경력무관 학력무관 정규직,백엔드/서버개발 ReactJS React-Native 앱개발 웹개발,(주)메일플러그
"[IT사회적기업] 웹 퍼블리셔, UX/UI 디자이너 경력(신입)자 모집",서울 금천구 ,경력무관 고졸↑ 정규직·계약직,백엔드/서버개발 React 웹개발 퍼블리셔 프론트엔드,(주)라임프렌즈
"[코리아폴리스쿨] JAVA / DBA / 인프라 / 웹,앱 디자이너 모집",서울전체 ,경력 학력무관 정규직,백엔드/서버개발 ReactJS React 앱개발 웹개발,(주)코리아폴리스쿨
"하나투어 개발센터 경력자 모집(프론트,백엔드, QA등)",서울 중구 ,경력 학력무관 정규직,백엔드/서버개발 React 웹개발 퍼블리셔 프론트엔드,(주)하나투어
(주)노랑풍선 전사 IT 부문(개발자 외) 경력직 채용,서울 중구 ,경력2년↑ 학력무관 정규직,백엔드/서버개발 React 기술지원 앱개발 웹개발,(주)노랑풍선
[nProtect] 2021 잉카인터넷 대규모 수시 채용 - 주 4.5일제,서울 강서구 ,경력무관 초대졸↑ 정규직,백엔드/서버개발 React 웹개발 프론트엔드 Windows,(주)잉카인터넷
[스냅스] 여의도 본사 개발자 채용,서울 영등포구 ,경력 학력무관 정규직,백엔드/서버개발 React 앱개발 웹개발 .NET,(주)스냅스
"[메가존] 서버개발, 프론트엔트 개발 경력자 채용",서울전체 ,신입·경력 학력무관 정규직,백엔드/서버개발 React 웹개발 퍼블리셔 프론트엔드,메가존(주)
"[이커머스 솔루션] 부문별 수시 채용 / 기획, 개발, 마케팅 등",서울 서초구 ,경력무관 학력무관 정규직,백엔드/서버개발 React 웹개발 퍼블리셔 프론트엔드,(주)포비즈코리아
(주)곰앤컴퍼니 개발 직군 인재 채용,서울 강남구 ,경력무관 학력무관 정규직,백엔드/서버개발 ReactJS React 앱개발 웹개발,(주)곰앤컴퍼니
[주4.5일 근무]  데이터베이스 관리 (DBA) 직무 경력직 인재채용,서울전체 ,경력 학력무관 정규직,백엔드/서버개발 ReactJS React-Native React 기술지원,(주)인라이플
플랫폼사업본부 내 각 분야 개발자 모집,서울전체 ,경력무관 학력무관 정규직,백엔드/서버개발 React 앱개발 프론트엔드 DBA,에스피테크놀러지(주)
차량용 AVN SW 개발자 외 각 부문 신입/경력 채용,서울 강서구 ,신입·경력 고졸↑ 정규직·계약직,백엔드/서버개발 React-Native React 데이터분석가 데이터엔지니어,(주)하이콘소프트
[중고나라] 개발 부문별 신입 인재 채용,서울전체 ,신입 학력무관 정규직,백엔드/서버개발 React-Native React 데이터분석가 앱개발,(주)중고나라
[여신티켓] QA Quality Assurance 담당자,서울전체 ,경력 3~8년 학력무관 정규직,백엔드/서버개발 ReactJS React-Native React 웹개발,(주)패스트레인
[국비지원 취업]빅데이터·웹앱개발/웹/광고편집/영상/건축,서울전체 ,신입·경력 학력무관 교육생,백엔드/서버개발 ReactJS React-Native React 데이터분석가,(주)이젠아카데미
"핀테크기업 IT 개발자, 마케터, MD 및 대규모 채용",서울전체 ,신입·경력 초대졸↑ 정규직,백엔드/서버개발 React 앱개발 웹개발 프론트엔드,(주)바이셀스탠다드
[야나두] 백엔드 개발 / DevOps 대규모 채용 (경력),서울 강남구 ,경력3년↑ 대졸↑ 정규직,백엔드/서버개발 React 데이터엔지니어 앱개발 웹개발,(주)야나두
[여신티켓] 프론트엔드 개발자,서울전체 ,경력 2~10년 학력무관 정규직,백엔드/서버개발 ReactJS React-Native React 웹개발,(주)패스트레인
[서울연구소] (주)아이오코드 신입/경력 개발자 모집합니다.,서울 강남구 ,신입·경력 대졸↑ 정규직,백엔드/서버개발 React 데이터분석가 웹개발 퍼블리셔,(주)아이오코드
"(주)미디움 블록체인 개발자 모집(프론트엔드,백엔드,QA 등)",서울 강남구 ,경력무관 학력무관 정규직,백엔드/서버개발 React 웹개발 프론트엔드 SE(시스템엔지니어),(주)미디움
"좋은 동료를 만나는 것, 최고의 커리어입니다",서울전체 ,경력무관 대졸↑ 정규직·계약직,백엔드/서버개발 React 웹개발 프론트엔드 풀스택,(주)팀플백
"2022년 웹 서비스 개발자 모집 (신입, 경력)",서울 강서구 ,경력무관 학력무관 정규직,백엔드/서버개발 React 웹개발 프론트엔드 Java,(주)틴텍씨앤씨
2022년 TDI그룹  신입 및 경력 공개 채용,서울 서초구 ,경력무관 학력무관 정규직,백엔드/서버개발 React 앱개발 프론트엔드 Android,(주)티디아이
[ JOCOOS] 능력있는 개발자분들을 모십니다.,서울 마포구 ,경력무관 학력무관 정규직,백엔드/서버개발 ReactJS React 앱개발 웹개발,(주)요쿠스
[골프IT선두기업]PHP/JAVA/Front/DBA/PM/UI/보안/퍼블리셔 채용,서울전체 ,경력 학력무관 정규직·계약직,백엔드/서버개발 ReactJS React 데이터엔지니어 웹개발,(주)스마트스코어
[FXGear]웹 백엔드/프론트엔드/앱(Android)개발 경력직 모집,서울 강남구 ,경력무관 학력무관 정규직,백엔드/서버개발 ReactJS React 앱개발 웹개발,(주)에프엑스기어
블록체인 프론트엔드 개발자,서울전체 ,신입·경력 학력무관 정규직,백엔드/서버개발 ReactJS React 웹개발 프론트엔드,(주)핀스프로토콜
[TDI Group] 2022 각 부문 신입 및 경력 공개 채용,서울 서초구 ,경력무관 학력무관 정규직,백엔드/서버개발 React 앱개발 웹개발 프론트엔드,(주)티디아이애즈
[신입] 프론트-엔드 개발자 채용,서울전체 ,신입·경력 초대졸↑ 정규직,백엔드/서버개발 ReactJS React 웹개발 퍼블리셔,(주)넥스트레벨스튜디오
"(주)어반베이스 개발, 기획, 마케팅, 디자인 인재 모집",서울 서초구 ,경력무관 대졸↑ 정규직,백엔드/서버개발 React 앱개발 Android iOS,(주)어반베이스
프런트/백엔드 개발자,서울전체 ,경력 2~5년 학력무관 정규직,백엔드/서버개발 ReactJS React-Native React 앱개발,(주)모핑아이
플랫폼 개발자,서울전체 ,경력 1~5년 대졸↑ 정규직,백엔드/서버개발 ReactJS React 웹개발 퍼블리셔,(주)투게더아트
[MILVUS] Java/Spring 웹 개발자 채용 안내,서울 강남구 ,경력무관 대졸↑ 정규직·인턴직,백엔드/서버개발 React 웹개발 프론트엔드 데이터마이닝,(주)밀버스
[IT스타트업] 2021년 각 부문별 정직원 모집 ( 신입 ),서울 구로구 ,경력무관 학력무관 정규직,백엔드/서버개발 ReactJS React 앱개발 프론트엔드,(주)뉴비즈스타트
[쿠팡플레이] Senior Back-end Engineer,서울 송파구 ,경력 6~15년 초대졸↑ 정규직,백엔드/서버개발 React QA/테스터 AWS Azure,쿠팡(주)
[쿠팡플레이] Staff Back-end Engineer,서울 송파구 ,경력 10~20년 초대졸↑ 정규직,백엔드/서버개발 React QA/테스터 AWS Azure,쿠팡(주)
2022년 상반기 IT개발부문 경력 채용,서울 강남구 ,경력무관 학력무관 정규직,백엔드/서버개발 React 앱개발 웹개발 프론트엔드,(주)아크로퓨처
[고피자] 내일이 기대되는 회사 GOPIZZA 채용 (미래기술연구소),서울 마포구 ,경력무관 학력무관 정규직,백엔드/서버개발 ReactJS React 기술지원 데이터분석가,GOPIZZA
웹개발자(프론트/백엔드) 및 웹퍼블리셔 구인,서울 강남구 ,신입·경력 초대졸↑ 정규직,백엔드/서버개발 ReactJS React 웹개발 퍼블리셔,(주)이넘넷
하나금융파인드 웹/앱개발 채용,서울 종로구 ,경력무관 대졸↑ 정규직,백엔드/서버개발 ReactJS React-Native React 데이터분석가,하나금융파인드(주)
[셀바스AI] 각 부분 Web 개발자 신입/경력 채용,서울 금천구 ,신입·경력 학력무관 정규직,백엔드/서버개발 ReactJS 앱개발 웹개발 웹마스터,셀바스에이아이
"[콴텍, 금융, AI] 금융 IT 개발자 정규직 모십니다.",서울 영등포구 ,신입·경력 학력무관 정규직,백엔드/서버개발 ReactJS React-Native 앱개발 웹개발,콴텍(주)
(주)웰컴페이먼츠 각 분야 신입/경력직 모집,서울 구로구 ,신입·경력 학력무관 정규직·계약직,백엔드/서버개발 기술지원 웹개발 프론트엔드 DBA,웰컴페이먼츠(주)
하이픈코퍼레이션 신입/경력 채용,서울 서초구 ,경력무관 초대졸↑ 정규직,백엔드/서버개발 프론트엔드 Android C# 자금관리,주식회사 하이픈코퍼레이션
[강소기업/내일채움공제] (주)브리치 서비스개발 및 기획부분,서울 강남구 ,경력무관 학력무관 정규직,백엔드/서버개발 프론트엔드 딥러닝 머신러닝 HTML,(주)브리치
[티빙] 개발부문 경력 채용,서울 마포구 ,경력1년↑ 대졸↑ 정규직,백엔드/서버개발 ReactJS 데이터분석가 데이터엔지니어 앱개발,(주)티빙
(주)아프스 2022 프론트엔드 개발자 모집,서울 서초구 ,"경력무관 대졸↑ 정규직 4,000 만원",백엔드/서버개발 웹개발 프론트엔드 데이터시각화 인프라,(주)아프스
개발자 모집 경력무관 채용 공고 - 정규직,서울 송파구 ,경력무관 학력무관 정규직,백엔드/서버개발 ReactJS 웹개발 Ajax CSS3,(주)트리즈코퍼레이션
(주)디지털존 사업기획팀 기획자/개발자 분야별 모집,서울 마포구 ,경력무관 학력무관 정규직,백엔드/서버개발 React 앱개발 웹개발 프론트엔드,(주)디지털존
"[모이고개발본부] WEB, APP 개발자/ 디자이너/ 기획자 채용",대전 유성구 ,신입·경력 대졸↑ 정규직·전문연구요원,백엔드/서버개발 React 앱개발 웹개발 웹마스터,(주)트위니
"(서울/경력) 캐플릭스(제주패스, 모자이카) 서비스 전직군 채용",서울 마포구 ,경력1년↑ 학력무관 정규직·계약직,백엔드/서버개발 React 웹개발 프론트엔드 Ajax,(주)캐플릭스
2022년 상반기 JAVA 개발자 및 웹디자이너 정규직 채용,서울 성동구 ,신입·경력 학력무관 정규직,백엔드/서버개발 React 웹개발 SI개발 빅데이터,(주)엠에스링크앤솔루션
[뉴베이스] 2022년 상반기 직원 채용(전분야),서울 강남구 ,신입·경력 학력무관 정규직,백엔드/서버개발 React 프론트엔드 Unity 경리,(주)뉴베이스
[SIZL 서울 본사] Front-end/Back-end 개발자 모집,서울 강남구 ,신입·경력 대졸↑ 정규직,백엔드/서버개발 React-Native React 웹개발 퍼블리셔,(주)시즐
웹 서비스 개발자 (FE / BE) 인턴&신입&경력 채용합니다,서울 강남구 ,경력무관 대졸↑ 정규직,백엔드/서버개발 React 프론트엔드 Git Javascript,(주)제이앤피메디
[백엔드/프론트엔드] 개발자 모집 공고,서울 강남구 ,경력1년↑ 학력무관 정규직·계약직,백엔드/서버개발 React 앱개발 웹개발 프론트엔드,주식회사 에이치에스88
"산업기능요원(보충역, 현역 전직자) SW개발직군 채용",서울 구로구 ,경력무관 학력무관 정규직·산업기능요원,백엔드/서버개발 React 프론트엔드 인프라 클라우드,(주)딥바이오
(주)딥바이오 소프트웨어 개발 직군 채용,서울 구로구 ,경력무관 대졸↑ 정규직·전문연구요원,백엔드/서버개발 React 정보보안 프론트엔드 SE(시스템엔지니어),(주)딥바이오
IT개발·데이터 정규직 채용 - 경력&신입,서울 마포구 ,"신입·경력 대졸↑ 정규직 4,500 만원",백엔드/서버개발 React 게임개발 앱개발 웹개발,(주)모핑아이
"2022년 상반기 JAVA 백엔드/서버개발, 프론트엔드 모십니다.",서울 강남구 ,경력무관 초대졸↑ 정규직,백엔드/서버개발 React Java Javascript MySQL,(주)이롬아이씨티
"정보시스템 개발 부문 신입, 경력 채용",서울 강서구 ,경력무관 대졸↑ 정규직,백엔드/서버개발 React 데이터분석가 웹개발 프론트엔드,(주)피타그래프
효성티앤에스(주) [백엔드/프론트엔드 개발] 부문 경력사원 모집,서울 강남구 ,경력3년↑ 학력무관 정규직,백엔드/서버개발 React 프론트엔드 API Windows,효성티앤에스(주)
[파인원커뮤니케이션즈] 신입 / 경력 공개채용,서울 금천구 ,신입·경력 학력무관 정규직,백엔드/서버개발 React 앱개발 웹개발 프론트엔드,(주)파인원홀딩스
Front-end 개발,서울전체 ,경력 2~10년 학력무관 정규직,백엔드/서버개발 React 웹개발 프론트엔드 SE(시스템엔지니어),(주)인터파크
"[온라인플랫폼社] SW/웹 개발자, 3D/웹 디자이너, 컨텐츠 담당",서울 마포구 ,신입·경력 대졸↑ 정규직,백엔드/서버개발 React 기술지원 앱개발 웹개발,호전실업(주)
[GS ITM] IT엔지니어_JAVA개발자(SI),서울전체 ,경력 3~10년 학력무관 정규직,백엔드/서버개발 React-Native React 웹개발 퍼블리셔,(주)지에스아이티엠
[프론트엔드] 웹 퍼블리셔,서울전체 ,경력 3~6년 학력무관 정규직,백엔드/서버개발 React 웹개발 프론트엔드 C++,(주)파수
[정규직] 웹 개발자 및 DL/ML 엔지니어 신입/경력직 채용,서울 송파구 ,신입·경력 대졸↑ 정규직,백엔드/서버개발 React 웹개발 프론트엔드 딥러닝,(주)써티웨어
JAVA개발/JAVA(SM)/델파이/웹기획/HW기술지원 담당자 모집,서울전체 ,경력 초대졸↑ 정규직,백엔드/서버개발 React 앱개발 웹개발 프론트엔드,(주)혁산정보시스템
[메가존] 이커머스 프로젝트 대규모 채용 (PM/PMO/기획/개발),서울전체 ,경력 학력무관 정규직,백엔드/서버개발 React 앱개발 프론트엔드 QA/테스터,메가존(주)
각 부문 신입 및 경력사원 채용,서울 구로구 ,신입·경력 고졸↑ 정규직,백엔드/서버개발 React 기술지원 앱개발 웹개발,(주)제머나이소프트
[에이아이매틱스] 연구개발부문 공개 채용,서울 영등포구 ,신입·경력 초대졸↑ 정규직,백엔드/서버개발 React 데이터분석가 데이터엔지니어 프론트엔드,(주)에이아이매틱스
"[신입/경력] 신입 개발자 및 영업, 웹디자이너 경력직 채용",서울 서초구 ,신입·경력 대졸↑ 정규직,백엔드/서버개발 React 웹개발 프론트엔드 Ajax,㈜날리지큐브
의료영상 웹 시스템 개발자 모집 (Node.js/HTML/Javascript),서울 중구 ,경력무관 대졸↑ 정규직,백엔드/서버개발 React 웹개발 퍼블리셔 프론트엔드,스마트케어웍스(주)
백엔드 개발자,서울전체 ,경력 3~10년 초대졸↑ 정규직,백엔드/서버개발 React 웹개발 프론트엔드 SE(시스템엔지니어),(주)덴컴
2022년 상반기 S/W개발부문 채용(인재선발),대전 유성구 ,신입·경력 대졸↑ 정규직,백엔드/서버개발 React 웹개발 프론트엔드 IoT,(주)스마트프로
[라스트오더] 개발팀 각 분야별 채용의 건,서울전체 ,경력 1~10년 학력무관 정규직,백엔드/서버개발 React 앱개발 웹개발 프론트엔드,(주)미로
[코스닥 상장사] 한국 to 베트남 개발 커뮤니케이터 채용,서울전체 ,경력무관 학력무관 정규직,백엔드/서버개발 ReactJS React 게임개발 앱개발,알서포트(주)
"[싸이버원] 개발(web웹기획, SIEM) 채용공고",서울 서초구 ,경력3년↑ 학력무관 정규직,백엔드/서버개발 React 앱개발 웹개발 SI개발,(주)싸이버원
[중고나라] 개발 경력 인재 채용,서울전체 ,경력 3~5년 학력무관 정규직,백엔드/서버개발 React-Native React 데이터분석가 앱개발,(주)중고나라
[에듀테크 스타트업 오누이/설탭] 웹/앱 서비스 리드 개발자 채용,서울 마포구 ,경력 학력무관 정규직,백엔드/서버개발 ReactJS React-Native React 데이터분석가,(주)오누이
Tech Lead (소프트웨어 개발팀장),서울전체 ,경력 8~16년 학력무관 정규직,백엔드/서버개발 React 웹개발 퍼블리셔 프론트엔드,로지스팟(주)
2022년 상반기 시스템/풀필먼트부문 신입/경력 채용,서울 금천구 ,신입·경력 초대졸↑ 정규직,백엔드/서버개발 React-Native React Ajax Android,(주)하미글로벌
"S/W개발/AR프로그래머/VR모델러,프로그래머/백엔드/프론트엔드",서울 종로구 ,경력무관 학력무관 정규직,백엔드/서버개발 React 프론트엔드 모델링 VR(가상현실),메디컬아이피 주식회사
"Android, iOS 개발자",서울전체 ,신입·경력 대졸↑ 정규직,백엔드/서버개발 React 앱개발 웹개발 프론트엔드,(주)에스브이
케이씨티 S/W 신입및 경력직 개발인력 채용 공고,서울 강서구 ,경력무관 학력무관 정규직,백엔드/서버개발 ReactJS React 웹개발 프론트엔드,(주)케이씨티
[윙잇] 커머스 Node.js 백엔드 개발자,서울전체 ,신입·경력 대졸↑ 정규직,백엔드/서버개발 React 웹개발 프론트엔드 인프라,(주)아그레아블
웹풀스택 개발자,서울전체 ,신입·경력 학력무관 정규직,백엔드/서버개발 React 웹개발 퍼블리셔 프론트엔드,(주)이스트게임즈
(주)데이터마케팅코리아 21년 하반기 개발자 모집 공고,서울 강남구 ,경력무관 학력무관 정규직,백엔드/서버개발 React 데이터분석가 웹개발 빅데이터,(주)데이터마케팅코리아
모빌리티 플랫폼 IT 개발 및 운영 신입/경력 모집 (스타트업),서울 강남구 ,신입·경력 대졸↑ 정규직,백엔드/서버개발 ReactJS React-Native React 앱개발,(주)래디우스랩
웹개발/안드로이드개발/IOS개발/임베디드리눅스/윈도우SW개발,서울전체 ,경력 학력무관 인턴직,백엔드/서버개발 React 앱개발 웹개발 웹마스터,(주)지아이티
웹(ReactJS) 개발자 채용 - 산업기능요원/보충역 가능,서울 서초구 ,경력무관 학력무관 정규직,백엔드/서버개발 ReactJS React 퍼블리셔 프론트엔드,(주)위플래닛
JAVA 개발자,서울전체 ,경력 3~10년 초대졸↑ 정규직,백엔드/서버개발 ReactJS React 웹개발 퍼블리셔,(주)소프트넷
[ 브리치 ] 프론트엔드 & 백엔드 개발자,서울전체 ,신입·경력 학력무관 정규직,백엔드/서버개발 ReactJS React 웹개발 프론트엔드,(주)브리치
[2022 신규서비스 개발 런칭] 프론트엔드 엔지니어,서울 성동구 ,경력무관 대졸↑ 정규직,백엔드/서버개발 React 웹개발 프론트엔드 SE(시스템엔지니어),(주)파인드커넥트
Web Back-End Engineer (시니어),서울전체 ,경력 10~20년 대졸↑ 정규직,백엔드/서버개발 React 웹개발 프론트엔드 DBA,포디리플레이코리아(주)
나 기획자인데 어디 개발자 없냐,서울 강남구 ,경력3년↑ 학력무관 정규직,백엔드/서버개발 React 앱개발 웹개발 프론트엔드,(주)예스빗
[주식회사 꿀비]상반기 경력직 채용공고(웹개발),대전 서구 ,경력3년↑ 대졸↑ 정규직,백엔드/서버개발 React 웹개발 Java Linux,(주)꿀비
콘텐츠 서비스 플랫폼 개발자,서울전체 ,신입·경력 학력무관 정규직,백엔드/서버개발 ReactJS React 웹개발 퍼블리셔,(주)미디어창비
부설연구소  기획/개발/운영 신입 및 경력직 공개채용,서울 강남구 ,신입·경력 학력무관 정규직,백엔드/서버개발 React 웹개발 퍼블리셔 프론트엔드,코핀홀딩스(주)
Product Developer(프론트엔드),서울전체 ,경력 3~8년 대졸↑ 정규직,백엔드/서버개발 ReactJS React 웹개발 퍼블리셔,롯데쇼핑㈜e커머스사업본부
풀스택 개발자(3년 이상),서울전체 ,경력 3~10년 대졸↑ 정규직,백엔드/서버개발 ReactJS React-Native React 웹개발,(주)뉴비즈스타트
[각 부문별] 럭셔리앤올과 함께 성장해나갈 능력자를 찾습니다.,서울 강남구 ,경력무관 학력무관 정규직,백엔드/서버개발 React 앱개발 경영지원 영업지원,(주)럭셔리앤올
(주)미디움 사업운영본부 솔루션팀 채용,서울 강남구 ,경력무관 학력무관 정규직,백엔드/서버개발 React 앱개발 웹개발 블록체인,(주)미디움
회사와 함께 성장하는 프론트엔드 개발자,서울전체 ,경력2년↑ 학력무관 정규직,백엔드/서버개발 React 앱개발 웹개발 퍼블리셔,(주)페이져
2022년 TDI그룹 각 부문 신입 및 경력 공개 채용,서울 서초구 ,경력무관 학력무관 정규직,백엔드/서버개발 React 앱개발 프론트엔드 Android,(주)티디아이
"[아스크스토리] 경력/신입 개발자 채용 (프론트엔드, 백엔드)",서울 서초구 ,신입·경력 학력무관 정규직,백엔드/서버개발 ReactJS React-Native React 프론트엔드,(주)아스크스토리디에스
[디지털 헬스케어 기업] 전 부문 신입/경력직 채용,서울전체 ,경력3년↑ 초대졸↑ 정규직,백엔드/서버개발 React 프론트엔드 QA/테스터 Java,(주)아이쿱
프로젝트 매니저(PM)/CTO,서울전체 ,경력 5~10년 학력무관 정규직,백엔드/서버개발 ReactJS React 웹개발 프론트엔드,(주)핀스프로토콜
[AI SAAS] 웹 · 백엔드 · 프론트· Ai 엔지니어 경력채용,서울 강남구 ,경력3년↑ 대졸↑ 정규직,백엔드/서버개발 ReactJS React 웹개발 웹마스터,(주)아이클레이브 / iclave
서버/백엔드,서울전체 ,신입·경력 초대졸↑ 정규직,백엔드/서버개발 React 웹개발 SE(시스템엔지니어) Java,(주)언플러
"젊고 트렌디한 IT개발팀, 코드크레인에서 개발자를 모집합니다",서울 광진구 ,경력무관 대졸↑ 정규직,백엔드/서버개발 React 웹개발 프론트엔드 솔루션,코드크레인(유)
[뉴링크] 백엔드 ( 신입 ),서울전체 ,신입·경력 학력무관 정규직,백엔드/서버개발 ReactJS React 앱개발 웹개발,(주)뉴링크
GC녹십자그룹 가족사 채용(사업기획/웹개발/웹퍼블리셔/앱개발),서울 영등포구 ,경력3년↑ 초대졸↑ 정규직·프리랜서,백엔드/서버개발 React 웹개발 퍼블리셔 프론트엔드,(주)헥톤프로젝트
IT개발 정규직 모집(경력무관),서울 마포구 ,경력무관 학력무관 정규직,백엔드/서버개발 React 프론트엔드 RestAPI Vue.js,리프링크
2022년 개발자 모집(신입/경력)-가산사무실,서울 금천구 ,신입·경력 고졸↑ 정규직,백엔드/서버개발 React 프론트엔드 솔루션 CSS,(주)서울소프트
Back-end 경력 개발자,서울전체 ,경력 2~5년 고졸↑ 정규직,백엔드/서버개발 ReactJS React 앱개발 웹개발,(주)서울소프트
"[캐셔레스트]개발/기획/UI,UX/DBA/QA/iOS/Android 신입 채용",서울 강남구 ,신입 학력무관 정규직,백엔드/서버개발 React 앱개발 퍼블리셔 DBA,(주)뉴링크
(주)에이프로코리아 개발 담당자 채용,서울 강남구 ,경력무관 학력무관 정규직,백엔드/서버개발 React 앱개발 웹개발 프론트엔드,(주)에이프로코리아
"[비크코퍼레이션] 패션 재능마켓 프론트,백엔드 개발자 채용",서울 송파구 ,경력무관 학력무관 정규직·기간제,백엔드/서버개발 ReactJS React-Native React 앱개발,(주)비크코퍼레이션
숙박플랫폼 모바일 앱개발/홍보마케팅/영업 경력직 모집,서울전체 ,경력무관 고졸↑ 정규직·계약직,백엔드/서버개발 React-Native React 기술지원 앱개발,(주)에이프로코리아
[㈜루나소프트]개발자 전부문 경력직 채용(병역특례 지원가능),서울 강남구 ,경력무관 학력무관 정규직·산업기능요원,백엔드/서버개발 React 앱개발 웹개발 퍼블리셔,(주)루나소프트
[임상기업부설연구소] 채용,서울 노원구 ,경력무관 대졸↑ 정규직,백엔드/서버개발 React 데이터분석가 데이터엔지니어 프론트엔드,씨엔알리서치
웹 FrontEnd & BackEnd 개발자 신입/경력 채용,서울 마포구 ,경력무관 학력무관 정규직,백엔드/서버개발 React 프론트엔드 API RDBMS,(주)살린
(신입/인턴) 웹개발자 모집,서울 강남구 ,신입 대졸↑ 인턴직,백엔드/서버개발 React 프론트엔드 API R,(주)핀인사이트
웹 풀스택 개발자,서울전체 ,신입·경력 학력무관 정규직,백엔드/서버개발 ReactJS React 웹개발 퍼블리셔,(주)그레이스타인그룹
웹풀스택 개발자 채용,서울전체 ,경력 1~5년 대졸↑ 정규직,백엔드/서버개발 ReactJS React 웹개발 퍼블리셔,(주)아몽소프트웨어
"소프트웨어 신입 엔지니어 (프론트, 풀스택)",서울전체 ,신입·경력 학력무관 정규직,백엔드/서버개발 ReactJS React-Native React 앱개발,(주)퍼블리
[해피톡] IT/B2B 솔루션 부분별 인재영입,서울 마포구 ,경력무관 학력무관 정규직,백엔드/서버개발 React 웹개발 프론트엔드 HTML,엠비아이솔루션(주)
[디플] 프론트엔드 리드 개발자 채용,서울전체 ,경력 3~10년 학력무관 정규직,백엔드/서버개발 ReactJS React 웹개발 퍼블리셔,디플
[문토] 스타트업 Node.js 개발자를 찾습니다. (경력),서울전체 ,경력 1~5년 대졸↑ 정규직,백엔드/서버개발 ReactJS React 웹개발 프론트엔드,(주)문토
"[워라밸 1 시간 단축 근무] C/C++ 서버, MFC/QT, 백엔드 개발모",서울 금천구 ,신입·경력 초대졸↑ 정규직,백엔드/서버개발 React 게임개발 기술지원 웹개발,주식회사 이스터에그스튜디오
Web Frontend 개발자 모집합니다.,서울 강남구 ,"경력무관 초대졸↑ 정규직 3,200 만원",백엔드/서버개발 React 웹개발 프론트엔드 AWS,(주)스마트벨로
[METAVERSE X 명품 브랜드 IP] Platform Team 담당자 채용,서울 강남구 ,신입·경력 학력무관 정규직,백엔드/서버개발 React 프론트엔드 Node.js 프론트,(주)액츠29
[플로브] 플로브와 함께할 풀스택 개발자를 찾습니다,서울전체 ,경력무관 초대졸↑ 정규직,백엔드/서버개발 React 웹개발 프론트엔드 .NET,(주)씨에이치스퀘어
(각 분야별) 각 부문별 정규직/계약직 모집,서울 강남구 ,경력무관 학력무관 정규직·계약직,백엔드/서버개발 React 웹개발 프론트엔드 반응형웹,커널플랜
[IT스타트업] 2021년 각 부문별 정직원 모집 (경력/팀장급),서울 구로구 ,경력무관 초대졸↑ 정규직,백엔드/서버개발 ReactJS React 앱개발 프론트엔드,(주)뉴비즈스타트
기술연구소 웹 개발 엔지니어 신입/경력직 채용,서울 송파구 ,경력무관 학력무관 정규직,백엔드/서버개발 ReactJS React 퍼블리셔 프론트엔드,(주)수성엔지니어링
[블록체인기술연구소/전략기획부]마이데이터 사업개발/기획 담당,서울 강남구 ,경력무관 대졸↑ 정규직,백엔드/서버개발 React-Native React 앱개발 프론트엔드,(주)블록체인기술연구소
[코스닥 상장사] 연구개발본부 프로젝트 납품 PM 채용,서울전체 ,경력3년↑ 학력무관 정규직,백엔드/서버개발 ReactJS React 게임개발 앱개발,알서포트(주)
이더리움 블록체인 스마트컨트랙트 개발자 채용 공고,서울 금천구 ,신입·경력 초대졸↑ 정규직,백엔드/서버개발 React 웹개발 프론트엔드 블록체인,주식회사 한아이덴티티코리아
"미래에셋PAY 앱, 서버 개발/인프라 관리 경력 채용",서울 강남구 ,경력2년↑ 초대졸↑ 정규직,백엔드/서버개발 React 앱개발 웹개발 유지보수,(주)아이엠폼
한류뱅크(주) 개발직 경력 채용,서울 영등포구 ,경력2년↑ 학력무관 정규직,백엔드/서버개발 React 데이터분석가 앱개발 웹개발,한류뱅크(주)
웹 프로그램 개발자를 모십니다,서울 강남구 ,경력무관 대졸↑ 정규직·기간제,백엔드/서버개발 React 웹개발 퍼블리셔 프론트엔드,(주)더원테크
[청년창업사관학교/디딤돌/NEST 선정기업] CTO 창립멤버 모집,서울 송파구 ,경력 대졸↑ 정규직,백엔드/서버개발 React 웹개발 프론트엔드 AWS,텍스타일 디자인 뱅크(Textile Design Bank)
백엔드 정규직 채용 [신입/경력],서울 송파구 ,신입·경력 고졸↑ 정규직,백엔드/서버개발 React 웹개발 Ajax PHP,(유)엑스플랜트
[희망연봉입사] 오픈마켓 '멸치쇼핑' 웹개발 채용,서울 송파구 ,경력3년↑ 학력무관 정규직·계약직,백엔드/서버개발 React 앱개발 웹개발 AWS,(주)멸치
"[IT 사회적기업] iOS, Android, 백엔드 개발자 경력(신입) 모집",서울 금천구 ,경력무관 고졸↑ 정규직·계약직,백엔드/서버개발 React 웹개발 퍼블리셔 프론트엔드,(주)라임프렌즈
어플리케이션/웹 개발자 신입사원 모집,서울 서초구 ,신입 대졸↑ 정규직,백엔드/서버개발 ReactJS React-Native React 앱개발,디지털엑스
[경력무관] 웹프론트/백엔드/안드로이드 개발자 채용,서울 금천구 ,"경력무관 학력무관 정규직 3,300 만원",백엔드/서버개발 ReactJS React 웹개발 프론트엔드,(주)도로시
"스타트기업 서버,백엔드 개발 신입,사원,주임급 구함(굿커리어)",서울 강남구 ,경력무관 대졸↑ 정규직,백엔드/서버개발 React 데이터엔지니어 앱개발 웹개발,굿커리어
"RESTful, AWS 클라우드 백엔드 개발자 경력무관 모집",서울 영등포구 ,"신입·경력 학력무관 정규직·인턴직 3,600 만원",백엔드/서버개발 React 앱개발 웹개발 클라우드,(주)모스카스튜디오
"(2021 정규직 모집) 웹 개발, 앱 개발, 기획 및 디자인",서울 구로구 ,경력무관 학력무관 정규직,백엔드/서버개발 웹개발 프론트엔드 Android iOS,네이밋
[뮤직플랫폼 FLO] 데이터 엔지니어 (Python 백엔드 경력자),서울전체 ,경력 2~5년 학력무관 정규직,백엔드/서버개발 데이터분석가 웹개발 DBA SE(시스템엔지니어),(주)드림어스컴퍼니
[경력] 서버 개발 부문별 모집,서울 마포구 ,경력3년↑ 대졸↑ 정규직,백엔드/서버개발 웹개발 정보보안 프론트엔드 Windows,(주)파수
개발(컨택센터)/개발(화상회의)/PS/PM/FE 경력직 채용,서울 서초구 ,신입·경력 초대졸↑ 정규직,백엔드/서버개발 웹개발 프론트엔드 HTML Java,㈜이씨에스텔레콤
[플레이오토] 개발자 채용(신입/경력/보충역),서울 구로구 ,경력무관 대졸↑ 정규직·산업기능요원,백엔드/서버개발 웹개발 프론트엔드 API AWS,(주)플레이오토
각 부문별 신입/경력사원 채용,서울 강남구 ,경력무관 학력무관 정규직,백엔드/서버개발 프론트엔드 웹디자인 UI/UX디자인 앱기획,(주)이모션글로벌
[스타트업/정규직] 웹 개발자 / 웹 디자이너 / 서비스 관리 채용,서울 종로구 ,경력무관 학력무관 정규직,백엔드/서버개발 웹개발 웹디자인 고객관리 교육상담,(주)글루잉
10대 대기업 IT 계열사 하반기 채용,서울 강남구 ,경력 3~15년 대졸↑ 정규직,백엔드/서버개발 앱개발 웹개발 프론트엔드 IT컨설팅,HR컨설팅(주)
[디어젠] 신약연구개발/인공지능/전략기획/사업개발 (~1/30),서울 서초구 ,경력1년↑ 초대졸↑ 정규직,백엔드/서버개발 프론트엔드 딥러닝 머신러닝 연구원,디어젠(주)
Core/Server/Front-end/인프라 보안 취약점 연구 개발자 모집,서울 구로구 ,경력무관 학력무관 정규직,백엔드/서버개발 ReactJS 웹개발 퍼블리셔 프론트엔드,(주)에스에스알
"Frontend Engineer, Cloud Platform",서울전체 ,경력 3~7년 학력무관 정규직,백엔드/서버개발 웹개발 퍼블리셔 프론트엔드 반응형웹,(주)루닛
신규서비스 웹/앱 개발자 채용(상여금 지급),서울 송파구 ,신입·경력 학력무관 정규직,백엔드/서버개발 웹개발 프론트엔드 ASP Java,(주)플로드
[주4일]부문별 신입 및 경력직 채용,서울 성동구 ,"경력무관 학력무관 정규직 5,000 만원",백엔드/서버개발 React-Native 프론트엔드 MySQL Node.js,(주)즐거움을더하다
웹개발자(프론트/백엔드) 및 웹퍼블리셔 구인 구직,서울 강남구 ,신입·경력 초대졸↑ 정규직,백엔드/서버개발 웹개발 프론트엔드 S/W Java,(주)씨앤피에프앤비
(주)아프스 2022 프론트엔드 시니어 개발자 모집,서울 서초구 ,"경력무관 대졸↑ 정규직 6,000 만원",백엔드/서버개발 웹개발 프론트엔드 데이터시각화 인프라,(주)아프스
[신입]Java 스프링 개발자 모집(챗봇/프론트엔드/백엔드 관련),서울전체 ,신입 초대졸↑ 정규직,백엔드/서버개발 챗봇 Java Spring 프론트엔드,보이스에이아이
메타버스 기획&앱개발&웹개발&게임개발자 모집(경력자우대),서울 강남구 ,경력무관 학력무관 정규직,백엔드/서버개발 게임개발 앱개발 웹개발 프론트엔드,(주)프로젝트그룹앤더
"웹기획,퍼블리셔,웹개발,웹디자이너 경력직 채용",서울 서초구 ,신입·경력 초대졸↑ 정규직,백엔드/서버개발 ReactJS React-Native 웹개발 퍼블리셔,(주)데이터스트림즈
[국비/노동부지원100%무료IT취업과정]JAVA/자바개발자 취업과정,서울전체 ,경력무관 학력무관 교육생,백엔드/서버개발 웹개발 웹마스터 유지보수 퍼블리셔,(주)한국소프트웨어아이엔씨
"웹,모바일 서비스 개발자 채용(경력)",서울전체 ,경력무관 학력무관 정규직,백엔드/서버개발 React-Native 앱개발 웹개발 프론트엔드,(주)커머스랩
[농업테크] 농산물 큐레이션 정기구독 개발팀/마케팅팀 경력채용,서울전체 ,경력 대졸↑ 정규직,백엔드/서버개발 ReactJS React-Native 데이터분석가 데이터엔지니어,(주)판다코퍼레이션
[정규직 경력] 웹 응용 프로그램 개발자 채용,서울 영등포구 ,"경력3년↑ 학력무관 정규직 3,000 (면접 후 협의)",백엔드/서버개발 React 프론트엔드 Java Angular,(주)티파이브온라인
[블록체인기술연구소/개발사업부]프론트엔드 개발 경력자 모십니,서울 강남구 ,경력 3~5년 대졸↑ 정규직,백엔드/서버개발 React-Native React 앱개발 프론트엔드,(주)블록체인기술연구소
[Y Combinator W22 / 확실한 스타트업] Tech 직군 인재 모집,서울 강남구 ,경력3년↑ 학력무관 정규직,백엔드/서버개발 React 기술지원 데이터엔지니어 앱개발,(주)플라잉캣
[업계1위/초봉5천] 1400만 서비스 프론트엔드 개발자 (시니어),서울전체 ,경력7년↑ 학력무관 정규직,백엔드/서버개발 React 웹개발 퍼블리셔 프론트엔드,(주)버즈니
[병특 보충역/현역]웹/앱 개발자(프론트/백엔드) 모집,서울 강남구 ,경력무관 학력무관 정규직·계약직,백엔드/서버개발 React 프론트엔드 CSS HTML,㈜게임스프링
R&D 개발자(.Net/Javascript) 채용 - 정규직,서울 강남구 ,경력무관 초대졸↑ 정규직,백엔드/서버개발 React 앱개발 웹개발 블록체인,마젤원(주)
"프론트 개발자  채용(주5일,6시간근무)",서울 강서구 ,경력무관 학력무관 정규직,백엔드/서버개발 React 프론트엔드 S/W AWS,(주)웨인힐스벤처스
[정규직] 백엔드 개발 경력 채용,서울 마포구 ,경력 3~10년 학력무관 정규직,백엔드/서버개발 React API SQL 전자상거래,(주)디팡
[노벨피아]  개발팀 신규직원 모집공고,서울 강남구 ,경력3년↑ 학력무관 정규직,백엔드/서버개발 ReactJS React-Native React 게임개발,(주)메타크래프트
[원격근무]실리콘밸리 스타트업 글래스돔 시니어 프론트엔지니어,대전 서구 ,경력2년↑ 대졸↑ 정규직,백엔드/서버개발 React 프론트엔드 빅데이터 클라우드,(주)글래스돔코리아
웹/ 앱 개발자 경력 채용 - 정규직,서울 강남구 ,"경력3년↑ 초대졸↑ 정규직 3,500 만원",백엔드/서버개발 React 앱개발 웹개발 프론트엔드,주식회사 우리소프트웨어
웹 개발자 채용,서울 강남구 ,경력3년↑ 고졸↑ 정규직,백엔드/서버개발 React 웹개발 Ajax HTML,(주)쉐어웨이
[인공지능 유망 스타트업] 백엔드(Back-End) 개발 (5년 이상),서울 금천구 ,경력3년↑ 대졸↑ 정규직,백엔드/서버개발 React 웹개발 빅데이터 클라우드,에이치알포유(주)
이커머스부문 신규 플랫폼 구축 개발자 채용,서울 강남구 ,경력2년↑ 학력무관 정규직,백엔드/서버개발 ReactJS React-Native React 프론트엔드,(주)아이디룩
라이브방송 CMS 개발,서울전체 ,경력 3~7년 학력무관 정규직,백엔드/서버개발 React 웹개발 프론트엔드 SE(시스템엔지니어),(주)인터파크
톡집사(챗봇) 구축/운영 개발자,서울전체 ,경력 3~10년 학력무관 정규직,백엔드/서버개발 React 웹개발 프론트엔드 SE(시스템엔지니어),(주)인터파크
리포팅 시스템 웹개발자,서울전체 ,경력 2~9년 학력무관 정규직,백엔드/서버개발 React 웹개발 프론트엔드 SE(시스템엔지니어),(주)인터파크
PHP개발자,서울전체 ,경력 3~10년 학력무관 정규직,백엔드/서버개발 ReactJS React 웹개발 프론트엔드,(주)인터파크
[인터파크] 리포팅 시스템 웹개발자,서울 강남구 ,경력 2~15년 학력무관 정규직,백엔드/서버개발 React 웹개발 프론트엔드 Java,(주)인터파크
[인터파크]  톡집사 (챗봇) 구축 / 운영 개발자,서울 강남구 ,경력 3~15년 학력무관 정규직,백엔드/서버개발 React 웹개발 프론트엔드 DBA,(주)인터파크
백엔드 개발자,서울전체 ,경력 3~15년 학력무관 정규직,백엔드/서버개발 React 웹개발 프론트엔드 DBA,(주)에이치엠인터내셔날
솔루션/서비스 개발 팀장급 모집,서울전체 ,경력 10~15년 대졸↑ 정규직,백엔드/서버개발 ReactJS React 웹개발 퍼블리셔,(주)코난테크놀로지
웹프론트/백엔드 개발,서울전체 ,경력 5~15년 초대졸↑ 정규직,백엔드/서버개발 ReactJS React 웹개발 퍼블리셔,(주)골프존유통
[골프존유통] 골프존마켓 이웃 웹 프론트/백엔드 개발 경력 채용,서울 송파구 ,경력5년↑ 초대졸↑ 정규직,백엔드/서버개발 React 웹개발 프론트엔드 Vue.js,(주)골프존유통
IT 웹 개발자 모집 (Front End Developer),서울 강남구 ,경력 4~6년 대졸↑ 정규직,백엔드/서버개발 React 데이터엔지니어 앱개발 웹개발,유니시티코리아(유)
서버 개발,서울전체 ,경력 3~12년 학력무관 정규직,백엔드/서버개발 React 웹개발 프론트엔드 SE(시스템엔지니어),(주)파수
안전성정보 교환 플랫폼 개발(서버사이드 백엔드) - Python 등,서울 송파구 ,경력 3~6년 대졸↑ 계약직,백엔드/서버개발 React 웹개발 AWS Python,한국아이큐비아(주)
엔진파트 개발자 채용,서울 금천구 ,경력무관 초대졸↑ 정규직,백엔드/서버개발 React 프론트엔드 C# C언어,기웅정보통신(주)
Service PLM 개발자 경력 채용,서울 강남구 ,경력2년↑ 초대졸↑ 계약직,백엔드/서버개발 React 웹개발 SI개발 C#,지멘스인더스트리소프트웨어(주)
Fullstack 개발자,서울전체 ,경력 5~12년 대졸↑ 정규직,백엔드/서버개발 ReactJS React 웹개발 퍼블리셔,(주)코리아폴리스쿨
웹 개발자,서울전체 ,경력 3~10년 대졸↑ 정규직,백엔드/서버개발 React 웹개발 DBA C++,(주)이엔코퍼레이션
[데브시스터즈] 공통 비즈니스 플랫폼 서버 개발자,서울 강남구 ,경력3년↑ 학력무관 정규직,백엔드/서버개발 React AWS GoLang Java,데브시스터즈(주)
(주)시티랩스 프론트엔드 개발자 / 백엔드 개발자 모집,서울 서초구 ,경력4년↑ 학력무관 정규직,백엔드/서버개발 React 프론트엔드 블록체인 빅데이터,(주)시티랩스
[데브시스터즈] 데이터 포털 웹 개발 엔지니어(경력),서울 강남구 ,경력 3~10년 학력무관 정규직,백엔드/서버개발 ReactJS React 프론트엔드 AWS,데브시스터즈(주)
인공지능 연구 플랫폼 프론트앤드/백앤드 경력직 채용 공고,서울 구로구 ,경력3년↑ 초대졸↑ 정규직,백엔드/서버개발 React 프론트엔드 DBMS R,(주)딥노이드
SW 개발 운영 경력 채용 공고 - 정규직,서울 중구 ,경력3년↑ 학력무관 정규직,백엔드/서버개발 React 프론트엔드 솔루션 S/W,주식회사 에버온
"[신입/경력] 2022년 신입 개발자 및 영업, 웹디자이너 경력 채용",서울 서초구 ,신입·경력 대졸↑ 정규직,백엔드/서버개발 React 웹개발 프론트엔드 Ajax,㈜날리지큐브
[허경환의 허닭] 프로그램 개발자 정규직 채용,서울 강남구 ,경력3년↑ 학력무관 정규직,백엔드/서버개발 React 앱개발 웹개발 빅데이터,(주)허닭
개발직군 채용 - PHP / Java / 프론트엔드 / QA,서울 서초구 ,경력3년↑ 초대졸↑ 정규직,백엔드/서버개발 ReactJS React 웹개발 유지보수,(주)포비즈코리아
"금융 IT 컨설팅 or 솔루션 개발 (CRM, PFM, 빅데이터)",서울 강남구 ,경력5년↑ 학력무관 정규직,백엔드/서버개발 React 웹개발 IT컨설팅 빅데이터,(주)스카우트
Java/Spring/JSP 경력직 개발자를 모집합니다,서울 서초구 ,경력 3~15년 초대졸↑ 정규직·계약직,백엔드/서버개발 React 웹개발 프론트엔드 S/W,(주)솔루션링크
안드로이드 개발자,서울전체 ,경력 3~10년 학력무관 정규직,백엔드/서버개발 React 앱개발 웹개발 프론트엔드,(주)잉카엔트웍스
Linux  PHP/Java 개발자,서울전체 ,경력 8~16년 대졸↑ 정규직,백엔드/서버개발 ReactJS React 웹개발 퍼블리셔,(주)모니터랩
[본사] (주)잇올그룹 플랫폼영업본부 채용 (운영/기획/개발),서울전체 ,경력2년↑ 초대졸↑ 정규직,백엔드/서버개발 ReactJS React-Native React 앱개발,(주)잇올
[코나헬스케어㈜] 개발그룹 경력사원 채용,서울 영등포구 ,경력2년↑ 초대졸↑ 정규직,백엔드/서버개발 React 프론트엔드 UI/UX디자인 웹기획,코나헬스케어(주)
[JLK] 프론트엔드 개발자(솔루션팀) 채용,서울 강남구 ,경력1년↑ 대졸↑ 정규직,백엔드/서버개발 React 웹개발 웹마스터 프론트엔드,(주)제이엘케이
[알스퀘어] S/W 개발 팀장 (Web fullstack 서버 개발),서울전체 ,경력 10~15년 학력무관 정규직,백엔드/서버개발 ReactJS React 웹개발 퍼블리셔,(주)부동산다이렉트
[알스퀘어] Software engineer (Web fullstack 서버 개발),서울전체 ,경력 5~10년 학력무관 정규직,백엔드/서버개발 ReactJS React 웹개발 퍼블리셔,(주)부동산다이렉트
자바 웹 개발자 경력자 모십니다.,서울전체 ,경력 7~19년 초대졸↑ 정규직,백엔드/서버개발 ReactJS React 웹개발 퍼블리셔,퓨렌스(주)
JAVA개발 초급개발자(영어가능자) 채용,서울 마포구 ,신입·경력 초대졸↑ 정규직,백엔드/서버개발 React 웹개발 Java 유지보수,(주)에프엔에스벨류
Front-end Engineer (MLOps),서울전체 ,경력 3~10년 학력무관 정규직,백엔드/서버개발 ReactJS React 웹개발 프론트엔드,오케스트로(주)
Java/JSP 경력직 개발자를 채용합니다.,서울 영등포구 ,경력 학력무관 정규직,백엔드/서버개발 React 웹개발 Ajax Java,(주)코아메소드
"개발자(서비스개발, 솔루션 개발, 프론트 개발) 모집",서울 강남구 ,경력1년↑ 대졸↑ 정규직,백엔드/서버개발 React 웹개발 프론트엔드 API,(주)휴머스온
Front-End 개발자,서울전체 ,경력 3~10년 대졸↑ 정규직,백엔드/서버개발 React 웹개발 프론트엔드 인프라,(주)카비
[입사축하금] 안드로이드 / IOS / 백엔드 / 프론트엔드 채용,서울 금천구 ,경력3년↑ 대졸↑ 정규직,백엔드/서버개발 React 앱개발 웹개발 프론트엔드,(주)카비
[위메프서비스] Node.js 개발자,서울 강남구 ,경력1년↑ 학력무관 정규직,백엔드/서버개발 React 프론트엔드 API AWS,(주)위메프
경력] 자바/  APP 개발자  채용,서울 강남구 ,경력 3~10년 대졸↑ 정규직,백엔드/서버개발 React 웹개발 프론트엔드 API,(주)지니웍스
Web Full Stack 개발자 모집,서울전체 ,경력 10~20년 학력무관 정규직,백엔드/서버개발 ReactJS React-Native React 웹개발,(주)디오티스
[스터닝] 2021년 하반기 개발분야 대규모 채용,서울 강남구 ,경력3년↑ 학력무관 정규직,백엔드/서버개발 React-Native React 웹개발 프론트엔드,(주)스터닝
[인공지능기업] 백엔드 채용,서울전체 ,경력 5~20년 학력무관 정규직,백엔드/서버개발 React 앱개발 프론트엔드 Android,(주)딥브레인에이아이
프론트엔드 개발자,서울전체 ,경력 4~10년 학력무관 정규직,백엔드/서버개발 React 웹개발 퍼블리셔 프론트엔드,(주)두꺼비세상
[인공지능기업] 풀스택 개발자 채용(팀장급),서울전체 ,경력 6~20년 대졸↑ 정규직,백엔드/서버개발 React 웹개발 프론트엔드 Java,(주)딥브레인에이아이
[지쿠터]  Full Stack 개발자,서울전체 ,경력 1~5년 학력무관 정규직,백엔드/서버개발 ReactJS React-Native React 앱개발,(주)지바이크
[KT NexR] 프론트엔드 개발자 채용,서울전체 ,경력 5~15년 학력무관 정규직,백엔드/서버개발 React 웹개발 퍼블리셔 프론트엔드,(주)케이티넥스알
[인공지능기업] 소프트웨어 엔지니어,서울전체 ,경력 6~20년 대졸↑ 정규직,백엔드/서버개발 React 프론트엔드 S/W 딥러닝,(주)딥브레인에이아이
"[SW개발전문회사] 부문별 경력자 채용(PL, back, front)",서울 구로구 ,경력4년↑ 초대졸↑ 정규직,백엔드/서버개발 React 앱개발 웹개발 프론트엔드,(주)메이드인헤븐
[450만의 선택 데이트팝] 백엔드 개발자,서울전체 ,경력 3~5년 학력무관 정규직,백엔드/서버개발 ReactJS React 웹개발 프론트엔드,(주)텐핑거스
WEB / APP 서비스 개발 및 유지보수,서울전체 ,경력 3~10년 학력무관 정규직,백엔드/서버개발 ReactJS React-Native React 앱개발,(주)레디엔터테인먼트
"개발본부 front-end, Back-end, UI/UX팀 팀장, 기획자 채용공고",서울 강남구 ,경력 3~15년 초대졸↑ 정규직,백엔드/서버개발 React 앱개발 웹개발 퍼블리셔,(주)올트
"PO/PM, 서비스기획자, 개발자, AI연구원 모집 (신입/경력)",서울 강남구 ,경력무관 대졸↑ 정규직·인턴직,백엔드/서버개발 React 프론트엔드 인프라 DevOps,한국축산데이터(주)
프론트엔드 개발자 (정규직),서울전체 ,경력 1~15년 학력무관 정규직,백엔드/서버개발 ReactJS React 웹개발 퍼블리셔,(주)미니게이트
HTML5 Player 개발자,서울전체 ,경력 7~15년 학력무관 정규직,백엔드/서버개발 ReactJS React 웹개발 퍼블리셔,카테노이드(주)
SW웹개발자,서울전체 ,경력 3~5년 대졸↑ 정규직,백엔드/서버개발 ReactJS React 웹개발 퍼블리셔,(주)럭스로보
[스마트빌싸인] JAVA개발자,서울전체 ,경력 1~10년 초대졸↑ 정규직,백엔드/서버개발 ReactJS React 웹개발 퍼블리셔,(주)비즈니스온커뮤니케이션
Back-End 개발자,서울전체 ,경력 2~15년 초대졸↑ 정규직,백엔드/서버개발 ReactJS React 웹개발 프론트엔드,(주)핀크
"웹, 서버 개발자",서울전체 ,경력 2~15년 초대졸↑ 정규직,백엔드/서버개발 ReactJS React 웹개발 퍼블리셔,(주)핀크
java 웹 플스택 개발자,서울전체 ,경력 3~5년 학력무관 정규직,백엔드/서버개발 React 웹개발 퍼블리셔 프론트엔드,(주)아이알큐더스
FrontEnd 개발자 채용,서울전체 ,경력 1~7년 학력무관 정규직,백엔드/서버개발 ReactJS React 웹개발 프론트엔드,(주)베러웨이시스템즈
(경력/신입) 웹 개발자 정규직 채용합니다,서울 마포구 ,신입·경력 학력무관 정규직,백엔드/서버개발 React 프론트엔드 DBMS Git,(주)에이조스바이오
"웹개발자 Front-end, Back-end 경력직 채용",대전 유성구 ,경력 3~16년 학력무관 정규직,백엔드/서버개발 React 웹개발 프론트엔드 CSS,(주)에셈블
[헬로라이브] 프론트엔드 개발 및 백엔드 지원,서울전체 ,경력 3~15년 학력무관 정규직,백엔드/서버개발 ReactJS React 웹개발 프론트엔드,(주)아몬드컴퍼니
"[패스오더] 웹 프론트엔드 개발자 (JavaScript, Angular)",서울전체 ,경력 2~5년 학력무관 정규직,백엔드/서버개발 React 웹개발 프론트엔드 SE(시스템엔지니어),(주)페이타랩
프론트엔드 시니어 개발자 모집 (풀스텍 우대),서울 마포구 ,경력3년↑ 초대졸↑ 정규직,백엔드/서버개발 ReactJS React 웹개발 프론트엔드,(주)인베트
[헬로라이브] Backend 백엔드 개발자 (Java/Spring Boot),서울전체 ,경력 5~15년 학력무관 정규직,백엔드/서버개발 ReactJS React 웹개발 프론트엔드,(주)아몬드컴퍼니
[리얼패킹] 풀스택 테크 리더,서울전체 ,경력 5~15년 초대졸↑ 정규직,백엔드/서버개발 ReactJS React 앱개발 웹개발,(주)인베트
[(주)스파크엑스] 각 분야 별 경력 개발자 모집 (백엔드/풀스택),서울 서초구 ,경력 3~15년 대졸↑ 정규직,백엔드/서버개발 React SpringBoot 풀스택 AWS,(주)스파크엑스
[ 토탈미디어그램] 부문별 경력 개발자 채용,서울 강남구 ,경력2년↑ 초대졸↑ 정규직,백엔드/서버개발 React 프론트엔드 Angular AWS,토탈미디어그램(주)
[Junior] 모빌리티 플랫폼 IT 개발 및 운영 경력 (스타트업),서울전체 ,경력 3~7년 대졸↑ 정규직,백엔드/서버개발 React-Native React 웹개발 퍼블리셔,(주)래디우스랩
[Senior] 모빌리티 플랫폼 IT 개발 및 운영 경력  (스타트업),서울전체 ,경력 8~15년 대졸↑ 정규직,백엔드/서버개발 React-Native React 웹개발 퍼블리셔,(주)래디우스랩
[경력] 핀테크 플랫폼 웹개발자,서울전체 ,경력 3~7년 대졸↑ 정규직,백엔드/서버개발 ReactJS React 웹개발 퍼블리셔,(주)블록체인글로벌
웹개발자 모집,서울전체 ,경력 2~5년 학력무관 정규직,백엔드/서버개발 React 웹개발 퍼블리셔 프론트엔드,(주)원트리즈뮤직
Full Stack 경력 개발자,서울전체 ,경력 2~5년 학력무관 정규직,백엔드/서버개발 React 웹개발 퍼블리셔 프론트엔드,(주)엠스토리허브
TTV 서비스 프론트엔드 개발자 채용,서울전체 ,경력 2~20년 학력무관 정규직,백엔드/서버개발 React 프론트엔드 API Angular,(주)웨인힐스벤처스
[신규]모바일 서비스 백엔드 개발자 채용,서울전체 ,경력 2~6년 대졸↑ 정규직,백엔드/서버개발 React 웹개발 DBA SE(시스템엔지니어),(주)미디어엘
해외 이커머스 솔루션 백엔드/서버 개발자,서울전체 ,경력 3~7년 학력무관 정규직,백엔드/서버개발 ReactJS React 웹개발 프론트엔드,(주)리브
[TVCF] ASP.NET 운영 및 신규 서비스 개발자,서울전체 ,경력 2~20년 학력무관 정규직,백엔드/서버개발 ReactJS React 웹개발 프론트엔드,(주)애드크림
[경력] 블록체인 기반 핀테크 플랫폼 개발자 채용,서울 영등포구 ,경력 4~9년 대졸↑ 정규직,백엔드/서버개발 React 웹개발 프론트엔드 HTML,(주)블록체인글로벌
백엔드/서버개발 정규직 채용 - 경력,서울 강남구 ,경력1년↑ 대졸↑ 정규직,백엔드/서버개발 React 유지보수 API MSSQL,(주)인터웍스미디어
2022년 오픈나루 Javascript UI/UX 연구원 채용,서울 성동구 ,경력 학력무관 정규직,백엔드/서버개발 React 게임개발 데이터분석가 데이터엔지니어,오픈나루(주)
웹서비스 프론트엔드 개발,서울전체 ,경력 2~10년 학력무관 정규직,백엔드/서버개발 React 웹개발 퍼블리셔 프론트엔드,(주)피처링
[DK] 경력직 백엔드 개발자 채용공고(인하우스 프로젝트),서울전체 ,경력 3~10년 학력무관 정규직,백엔드/서버개발 React 웹개발 프론트엔드 DBA,(주)디케이브라더스
[DK] 개발자 출신 TM 모집,서울전체 ,경력 1~2년 학력무관 정규직,백엔드/서버개발 React 웹개발 퍼블리셔 프론트엔드,(주)디케이브라더스
우리동네 히어로의 개발자 히어로를 찾습니다.,서울 성동구 ,신입·경력 학력무관 정규직,백엔드/서버개발 React 웹개발 Node.js 전자상거래,(주)우리동네히어로
프론트엔드 개발자 (2년 이상),서울전체 ,경력 2~20년 학력무관 정규직,백엔드/서버개발 ReactJS React 웹개발 퍼블리셔,(주)스낵포
[하이브로] 풀스텍 웹개발 모집,서울 강남구 ,경력무관 학력무관 정규직,백엔드/서버개발 React 웹개발 웹마스터 PHP,하이브로
[Node.js] 웹 백엔드 개발자 팀원을 기다립니다,서울 종로구 ,경력3년↑ 학력무관 정규직,백엔드/서버개발 React AWS C++ Node.js,(주)클라이머스
[계약직&프리랜서] SM 운영 경력 채용합니다,서울 중구 ,경력 4~20년 학력무관 계약직·프리랜서,백엔드/서버개발 React 앱개발 웹개발 SI개발,(주)티윈
"경력직 인성갑 Backend, Frontend 개발자분을 모십니다.",서울전체 ,경력 5~7년 학력무관 정규직,백엔드/서버개발 ReactJS React 웹개발 프론트엔드,(주)시소
node.js 백엔드 / 프론트엔드 개발자 [경력],서울전체 ,경력 3~10년 학력무관 정규직,백엔드/서버개발 React 프론트엔드 유지보수 Node.js,(주)앤스시스템
IT팀 Front-end 개발자 경력 채용,서울 서초구 ,경력 3~7년 학력무관 정규직,백엔드/서버개발 React 프론트엔드 Python 인프라,(주)닥터키친
S/W 서버 (BackEnd) 개발자 경력직 모집,서울 서초구 ,경력3년↑ 학력무관 정규직·계약직,백엔드/서버개발 React 솔루션 클라우드 S/W,주식회사 데이타커맨드
백엔드개발자(Back-end Developer),서울전체 ,경력 5~15년 초대졸↑ 정규직,백엔드/서버개발 React 웹개발 프론트엔드 DBA,(주)퍼플랩스
[스테이지파이브] 프론트엔드 개발자,서울전체 ,경력 2~10년 학력무관 정규직,백엔드/서버개발 ReactJS React 웹개발 퍼블리셔,(주)스테이지파이브
[스몰스]앱서비스 Tech Lead,서울전체 ,경력 5~20년 학력무관 정규직,백엔드/서버개발 ReactJS React 웹개발 퍼블리셔,주식회사 진저나인
웹 솔루션 개발자,서울 마포구 ,경력 5~15년 학력무관 정규직,백엔드/서버개발 ReactJS React-Native React 웹개발,(주)브이엔티지
칵테일펀딩[P2P] 프론트엔드 개발자 채용(청년내일채움공제),서울 강남구 ,경력 2~4년 대졸↑ 정규직,백엔드/서버개발 React 웹개발 Git Redux,(주)트리거파트너스
모빌리티 FMS(차량관제서비스) 백엔드 신입(1년) 개발자,서울전체 ,경력 1~3년 학력무관 정규직,백엔드/서버개발 ReactJS React 웹개발 프론트엔드,(주)아이마스
Front-end 개발자,서울전체 ,경력 3~7년 학력무관 정규직,백엔드/서버개발 ReactJS React 웹개발 퍼블리셔,(주)닥터키친
프론트엔드 개발자 경력,서울전체 ,경력 3~8년 초대졸↑ 정규직,백엔드/서버개발 ReactJS React 웹개발 퍼블리셔,(주)엑심베이
[헬스케어 App] 백엔드 개발자 모집(시니어),서울전체 ,경력 1~10년 초대졸↑ 정규직,백엔드/서버개발 ReactJS React 웹개발 프론트엔드,(주)비플러스랩
[비알스톰] 블록체인 개발자 채용,서울전체 ,경력 1~7년 학력무관 정규직,백엔드/서버개발 React 앱개발 웹개발 SI개발,(주)비알스톰
[대기업계열 이커머스업체] 물류시스템개발 5년이상,서울 종로구 ,경력5년↑ 대졸↑ 정규직,백엔드/서버개발 React 웹개발 프론트엔드 API,(주)휴먼트리월드와이드
프론트엔드 개발자,서울전체 ,경력 2~10년 대졸↑ 정규직,백엔드/서버개발 ReactJS React-Native React 웹개발,(주)뉴비즈스타트
아틀라시안(Atlassian) 개발자,서울전체 ,신입·경력 학력무관 정규직,백엔드/서버개발 React 웹개발 퍼블리셔 프론트엔드,(주)오픈소스컨설팅
경력 백엔드 개발자 모집,서울전체 ,경력 3~15년 대졸↑ 정규직,백엔드/서버개발 React 프론트엔드 AWS 클라우드,(주)텐일레븐
웹 기반 UI 풀스택 개발 리더,서울전체 ,경력 7~20년 학력무관 정규직,백엔드/서버개발 React 웹개발 퍼블리셔 프론트엔드,다임리서치(주)
풀스택 개발자 모집,서울전체 ,경력 7~15년 학력무관 정규직,백엔드/서버개발 React 앱개발 프론트엔드 DBA,(주)에스엠디솔루션
백엔드 개발자,서울전체 ,경력 7~10년 대졸↑ 정규직,백엔드/서버개발 ReactJS React 웹개발 프론트엔드,(주)윙크스톤파트너스
프론트엔드 개발자,서울전체 ,경력 3~10년 학력무관 정규직,백엔드/서버개발 ReactJS React-Native React 앱개발,주은교육(주)
프론트엔드 개발자,서울전체 ,경력 3~10년 학력무관 정규직,백엔드/서버개발 ReactJS React-Native React 앱개발,주은교육(주)
[잠실] 플랫폼 개발자 DevOps팀 경력직 채용,서울 송파구 ,경력 1~10년 초대졸↑ 정규직,백엔드/서버개발 React 웹개발 프론트엔드 DBA,(주)테스트웍스
통신분야 프론트엔드/백엔드,서울전체 ,경력 3~10년 대졸↑ 정규직,백엔드/서버개발 React 웹개발 프론트엔드 DBA,(주)미디어로그
백엔드 개발자 채용,서울전체 ,경력 2~8년 학력무관 정규직,백엔드/서버개발 React 웹개발 프론트엔드 DBA,(주)푸짐
Web Full Stack 개발 (Back End) - 2022010501,서울 종로구 ,경력5년↑ 대졸↑ 정규직,백엔드/서버개발 React SAP Angular AWS,주식회사 커리어포커스
[윌라] 백엔드 개발자,서울전체 ,경력 5~15년 학력무관 정규직,백엔드/서버개발 React 웹개발 DBA SE(시스템엔지니어),(주)인플루엔셜
Backend Developer,서울전체 ,경력 2~10년 학력무관 정규직,백엔드/서버개발 ReactJS React 웹개발 프론트엔드,(주)아이디엔디
Frontend Engineer,서울전체 ,경력 2~10년 대졸↑ 정규직,백엔드/서버개발 React-Native React 웹개발 프론트엔드,옴니어스(주)
BizFlow Corp 프론트엔드 초중급 개발자 채용 공고,서울 강남구 ,신입·경력 초대졸↑ 정규직,백엔드/서버개발 React 프론트엔드 Angular C++,BizFlow Corp
서버개발자(Server Engineer),서울전체 ,경력 3~7년 학력무관 정규직,백엔드/서버개발 ReactJS React 게임개발 웹개발,엔웨이코리아(주)
Back-end Engineer,서울전체 ,경력 2~12년 학력무관 정규직,백엔드/서버개발 React 웹개발 프론트엔드 인프라,(주)데이터뱅크
리드 프론트엔드 개발자,서울전체 ,경력 5~20년 학력무관 정규직,백엔드/서버개발 ReactJS React 웹개발 퍼블리셔,(주)리플에이아이
IT개발·데이터(백엔드/서버개발&SDK外 6개 부문) 채용합니다,서울 강남구 ,"경력 2~4년 학력무관 정규직 5,000 만원",백엔드/서버개발 React-Native React SDK Android,(주) 메드고
웹/모바일 서비스 백엔드 개발자,서울전체 ,경력 2~4년 학력무관 정규직,백엔드/서버개발 React-Native React 앱개발 웹개발,(주) 메드고
[IT . SW] 백앤드 (Back-end) 개발,서울 강남구 ,경력 3~7년 대졸↑ 정규직,백엔드/서버개발 React 웹개발 프론트엔드 머신러닝,(주)에임즈인터내셔널코리아
"PM본부 분야별 채용 (Front End Engineer/프로트엔드, UI/UX)",서울 강남구 ,경력3년↑ 대졸↑ 정규직,백엔드/서버개발 React 프론트엔드 IT컨설팅 빅데이터,(주)어센트코리아
GBCkorea 개발팀 직원 모집 합니다,서울 강남구 ,경력 고졸↑ 정규직·계약직,백엔드/서버개발 React 프론트엔드 블록체인 인프라,(주)지비시코리아
[TDI Group] 전략개발본부 백엔드/프론트엔드 개발자 모집,서울 서초구 ,경력3년↑ 학력무관 정규직,백엔드/서버개발 React 앱개발 프론트엔드 Android,(주)티디아이
[VA 코퍼레이션] 신규 플랫폼 개발자 채용,서울 강남구 ,경력2년↑ 대졸↑ 정규직,백엔드/서버개발 React 웹개발 서비스기획 웹기획,(주)브이에이코퍼레이션
블록체인업종 개발팀 모집,서울 강남구 ,신입·경력 대졸↑ 정규직,백엔드/서버개발 React 앱개발 웹개발 프론트엔드,(주)베스트에치알 (Best HR)
"BizFlow Corp 프론트, 백엔드 초중급 개발자 채용 공고",서울 강남구 ,신입·경력 초대졸↑ 정규직,백엔드/서버개발 React 프론트엔드 Angular C++,BizFlow Corp
백앤드 (Back-end) 개발,서울 강남구 ,경력 3~7년 대졸↑ 정규직,백엔드/서버개발 React 웹개발 프론트엔드 머신러닝,(주)에임즈인터내셔널코리아
[유명 뷰티 커머스]Front-End Senior Engineer,서울 강남구 ,경력 5~12년 대졸↑ 정규직,백엔드/서버개발 React 데이터분석가 데이터엔지니어 프론트엔드,㈜피플스카우트
[유명 뷰티 커머스]Front-End Engineer,서울 강남구 ,경력 2~12년 대졸↑ 정규직,백엔드/서버개발 React 데이터분석가 데이터엔지니어 프론트엔드,㈜피플스카우트
[IT . SW] 프론트엔드 (Front-end) 개발,서울 강남구 ,경력 3~9년 대졸↑ 정규직,백엔드/서버개발 React 웹개발 프론트엔드 머신러닝,(주)에임즈인터내셔널코리아
[뉴링크] 백엔드 (사이닝 보너스 지급),서울전체 ,경력 5~10년 학력무관 정규직,백엔드/서버개발 ReactJS React 앱개발 웹개발,(주)뉴링크
[eMoldino] 시니어 소프트웨어 개발자,서울전체 ,경력 5~10년 대졸↑ 정규직,백엔드/서버개발 React 웹개발 프론트엔드 DBA,(주)이몰디노
백엔드 개발자,서울전체 ,경력 7~10년 학력무관 정규직,백엔드/서버개발 React 웹개발 SE(시스템엔지니어) ASP,(주)아인잡
MYOWN 웹 풀스택 개발자 (Lead 개발자),서울전체 ,경력 5~10년 학력무관 정규직,백엔드/서버개발 React 웹개발 프론트엔드 DBA,(주)마이온컴퍼니
프론트엔드 개발자,서울전체 ,경력 3~5년 학력무관 정규직,백엔드/서버개발 React 웹개발 퍼블리셔 프론트엔드,(주)아인잡
Node.js 백엔드 개발자 모집 (NestJS),서울전체 ,경력 3~10년 학력무관 정규직,백엔드/서버개발 React 웹개발 프론트엔드 DBA,파츠고(주)
웹 프로그래머(PHP),서울전체 ,경력 1~15년 초대졸↑ 정규직,백엔드/서버개발 React 웹개발 퍼블리셔 프론트엔드,(주)엠투커뮤니티
[뉴링크] 풀스텍개발자 (사이닝 보너스 지급),서울전체 ,경력 3~15년 학력무관 정규직,백엔드/서버개발 ReactJS React 웹개발 퍼블리셔,(주)뉴링크
웹 풀스택 개발자,서울전체 ,경력 3~10년 학력무관 정규직,백엔드/서버개발 React 웹개발 퍼블리셔 프론트엔드,(주)엘박스
웹사이트 풀스택 리드 개발자,서울전체 ,경력 5~10년 학력무관 정규직,백엔드/서버개발 React 웹개발 프론트엔드 HTML,(주)에이엠컴퍼니
플랫폼 개발팀장,서울전체 ,경력 5~20년 대졸↑ 정규직,백엔드/서버개발 ReactJS React-Native React 웹개발,(주)해피투씨유
[지이모션] 프론트엔드 엔지니어 모집,서울전체 ,경력 2~5년 대졸↑ 정규직,백엔드/서버개발 React 프론트엔드 솔루션 정보통신,(주)지이모션
[두핸즈] 시니어 풀스택 개발자,서울전체 ,경력 5~15년 학력무관 정규직,백엔드/서버개발 ReactJS React-Native React 앱개발,(주)두핸즈
PHP 백엔드 개발자 모집 (Laravel),서울전체 ,경력 3~10년 학력무관 정규직,백엔드/서버개발 React 웹개발 프론트엔드 DBA,파츠고(주)
백엔드 개발자,서울전체 ,경력 3~20년 대졸↑ 정규직,백엔드/서버개발 ReactJS React-Native React 웹개발,(주)해피투씨유
2022년 메이크잇 전사공개채용,서울 마포구 ,경력3년↑ 학력무관 정규직,백엔드/서버개발 React 앱개발 웹개발 반응형웹,(주)메이크잇
개발/디자인/서비스기획 경력직 채용,서울 강서구 ,경력2년↑ 고졸↑ 정규직,백엔드/서버개발 React 앱개발 웹개발 퍼블리셔,(주)콰가
"[아스크스토리] 경력/신입 개발자 채용 (프론트엔드, 백엔드)",서울 서초구 ,경력무관 학력무관 정규직,백엔드/서버개발 ReactJS React-Native React 프론트엔드,(주)아스크스토리디에스
[Node.Js/Javascript]서버/백엔드 경력 개발자 모집,서울 송파구 ,경력3년↑ 학력무관 정규직,백엔드/서버개발 React Javascript Node.js 프론트엔드,(주)미디어코퍼스
Back-End 개발자,서울 강남구 ,경력1년↑ 학력무관 정규직,백엔드/서버개발 React 게임개발 네트워크 API,코코네(주)
프롭테크 기업 평행공간 개발팀 리더 모집 공고,서울 서초구 ,경력10년↑ 대졸↑ 정규직,백엔드/서버개발 React 웹개발 프론트엔드 솔루션,(주)평행공간
[HBDI] HB그룹 금융 IT 개발 및 운영 담당자 채용,서울 서초구 ,경력 2~10년 학력무관 정규직,백엔드/서버개발 React 웹개발 DBMS Ajax,주식회사 에이치비디지털이노베이션
[ IT기업 ] 백앤드 / 프론트앤드 경력채용,서울 강남구 ,경력3년↑ 대졸↑ 정규직,백엔드/서버개발 React 프론트엔드 솔루션 클라우드,(주)서치브레인
30대 그룹 IT회사 웹 어플리케이션 개발 담당 과장 대리급 채용,서울 강남구 ,경력 5~13년 대졸↑ 정규직,백엔드/서버개발 React 웹개발 클라우드 API,(주)더파트너스경영지원센터
풀스택 디벨로퍼 시니어,서울전체 ,경력 3~8년 학력무관 정규직,백엔드/서버개발 ReactJS React 앱개발 웹개발,EDWO
[Front-end 개발자] 환경가전 전문기업,서울 구로구 ,경력 3~17년 대졸↑ 정규직,백엔드/서버개발 React 클라우드 AWS CSS3,(주)갤리언컨설팅그룹
[ AI스타트업] 백엔드ㆍ프론트엔드 모집,서울 강남구 ,경력 1~10년 대졸↑ 정규직,백엔드/서버개발 React 웹개발 프론트엔드 반응형웹,(주)아이클레이브 / iclave
[유명ERP프로그램제공사] 개발자 채용,서울 강남구 ,경력3년↑ 학력무관 정규직,백엔드/서버개발 React 웹개발 프론트엔드 솔루션,(주)탑앤스카우트
Java 웹 풀스택 개발자,서울전체 ,경력 2~6년 대졸↑ 정규직,백엔드/서버개발 ReactJS React 웹개발 퍼블리셔,(주)커브
(경력) 웹개발자 모집,서울 강남구 ,경력 2~5년 대졸↑ 정규직,백엔드/서버개발 React 프론트엔드 API R,(주)핀인사이트
풀스택 엔지니어 (Full Stack Engineer),서울전체 ,신입·경력 학력무관 정규직,백엔드/서버개발 ReactJS React 웹개발 퍼블리셔,(주)여의도사람들
"웹 개발자(개발Lead, 팀장급) 채용",서울전체 ,경력 5~15년 학력무관 정규직,백엔드/서버개발 ReactJS React 웹개발 퍼블리셔,(주)엠더블유네트웍스
Web / App 개발 PL을 모십니다 (탄력근무가능),서울 서초구 ,경력 학력무관 정규직·계약직,백엔드/서버개발 React 앱개발 웹개발 프론트엔드,비엔비컴퍼니(주)
정규직 개발직채용(모바일/웹/소프트웨어/약국솔루션 개발),서울 강서구 ,경력 1~5년 학력무관 정규직,백엔드/서버개발 React 앱개발 웹개발 Android,(주)이지스헬스케어
[희망연봉입사] (주)melchi 서버개발 채용,서울 송파구 ,경력3년↑ 학력무관 정규직·계약직,백엔드/서버개발 React 앱개발 웹개발 AWS,(주)멸치
안드로이드 / 백앤드 /  퍼블리셔 / DBA 경력 개발자를 모십니다,서울 마포구 ,경력2년↑ 학력무관 정규직,백엔드/서버개발 React 앱개발 퍼블리셔 프론트엔드,(주)로드시스템
스프링 백엔드 개발자,서울 중구 ,경력4년↑ 학력무관 정규직,백엔드/서버개발 React 앱개발 웹개발 Java,(주)살다
"개발팀, 디자인팀, 마케팅팀, 고객지원팀 채용",서울 마포구 ,경력무관 학력무관 정규직,백엔드/서버개발 React 프론트엔드 웹기획 상담원,(주)콜라보그라운드
디지털 치료제 분야 신규 프로덕트 총괄 개발자를 모십니다.,서울전체 ,경력 3~10년 대졸↑ 정규직,백엔드/서버개발 ReactJS React 웹개발 퍼블리셔,(주)뉴로티엑스
[글로우픽] 웹프론트 개발자,서울전체 ,경력 3~10년 대졸↑ 정규직,백엔드/서버개발 React 웹개발 프론트엔드 AWS,(주)글로우데이즈
Node.js로 인생 플젝을 남겨볼 실력있는 개발자(입사축하금 연봉 20%),서울전체 ,경력 3~11년 학력무관 정규직,백엔드/서버개발 ReactJS React 웹개발 프론트엔드,엠비아이솔루션(주)
백엔드 개발자(Node.js),서울전체 ,경력 4~10년 대졸↑ 정규직,백엔드/서버개발 ReactJS React 웹개발 프론트엔드,(주)마음수업
[Wavebridge] Back End Developer (JAVA),서울전체 ,경력 1~5년 초대졸↑ 정규직,백엔드/서버개발 React 웹개발 SE(시스템엔지니어) AWS,(주)웨이브릿지
[어니소프트(주)] 웹 개발자 경력직 모집,서울 용산구 ,경력 2~10년 초대졸↑ 정규직,백엔드/서버개발 React 웹개발 프론트엔드 Java,어니소프트(주)
"소프트웨어 경력 엔지니어 (프론트, 풀스택)",서울전체 ,경력 1~10년 학력무관 정규직,백엔드/서버개발 ReactJS React-Native React 앱개발,(주)퍼블리
[드림시스] 웹개발자(Full Stack) / 리눅스기반 Java개발자,서울전체 ,경력 4~20년 초대졸↑ 정규직,백엔드/서버개발 React 웹개발 프론트엔드 DBA,(주)드림시스
[어니소프트(주)] 자사 서비스 백엔드 개발자 경력직,서울 용산구 ,경력 2~5년 초대졸↑ 정규직,백엔드/서버개발 React 웹개발 Java Python,어니소프트(주)
[레어노트] Senior Software Engineer (Back-end),서울전체 ,경력 6~10년 학력무관 정규직,백엔드/서버개발 React 웹개발 프론트엔드 DBA,(주)휴먼스케이프
프론트엔드 개발자(RN Developer),서울전체 ,경력 3~5년 학력무관 정규직,백엔드/서버개발 React-Native React 앱개발 웹개발,(주)루티너리
"풀스텍 개발자 (프론트엔드, 백엔드)",서울전체 ,경력 1~10년 학력무관 정규직,백엔드/서버개발 ReactJS React 웹개발 퍼블리셔,(주)빅팟
[마미톡] DevOps Engineer,서울전체 ,경력 3~4년 학력무관 정규직,백엔드/서버개발 React-Native React 웹개발 SE(시스템엔지니어),(주)휴먼스케이프
[마미톡] 커머스 Back-end Engineer(Senior),서울전체 ,경력 5~10년 학력무관 정규직,백엔드/서버개발 React-Native React 웹개발 프론트엔드,(주)휴먼스케이프
[마미톡] Back-end Engineer(Senior),서울전체 ,경력 5~10년 학력무관 정규직,백엔드/서버개발 React-Native React 웹개발 프론트엔드,(주)휴먼스케이프
[잡플래닛] 백엔드 개발자,서울전체 ,경력 3~10년 학력무관 정규직,백엔드/서버개발 React 웹개발 프론트엔드 DBA,(주)브레인커머스
[(주)엔터핀] 실시간 이슈 채팅 앱 개발자 (신입/경력),서울 강남구 ,경력무관 고졸↑ 정규직,백엔드/서버개발 React 앱개발 프론트엔드 Android,(주)엔터핀
2022년 블랙서클 개발자 채용공고 :-),서울 강남구 ,"경력무관 학력무관 정규직 10,000 만원",백엔드/서버개발 React 데이터분석가 웹개발 프론트엔드,(주)딜러타이어
"Java, Spring 백엔드(Back-End) 개발자 채용",서울 강남구 ,경력3년↑ 학력무관 정규직,백엔드/서버개발 React Java Linux MySQL,(주)오라클컴퍼니
잡플래닛 백엔드 개발자,서울 강남구 ,경력3년↑ 학력무관 정규직,백엔드/서버개발 React SE(시스템엔지니어) C# C++,(주)브레인커머스
"웹 프론트엔드 및 웹 풀스텍, 솔루션 코어  개발 경력사원 모집",서울 송파구 ,경력2년↑ 초대졸↑ 정규직,백엔드/서버개발 React 앱개발 웹개발 프론트엔드,노아솔루션
Back-end Engineer 채용,서울전체 ,신입·경력 학력무관 정규직,백엔드/서버개발 ReactJS React-Native React 웹개발,(주)트레져러
IT플렛폼 Back end 리드/팀장 모집,서울 영등포구 ,경력 6~15년 초대졸↑ 정규직,백엔드/서버개발 React 프론트엔드 클라우드 API,KY컨설팅그룹
프로그램 유지보수 경력무관 채용(정규직),서울 강서구 ,경력무관 학력무관 정규직,백엔드/서버개발 React 웹개발 프론트엔드 PHP,나이스경영지원
Team Lead Engineer,서울전체 ,경력 3~10년 학력무관 정규직,백엔드/서버개발 React 웹개발 프론트엔드 SE(시스템엔지니어),(주)테오라
"[피치] 백엔드 개발자(Java, Spring)",서울전체 ,경력 4~10년 초대졸↑ 정규직,백엔드/서버개발 ReactJS React 웹개발 프론트엔드,(주)피치
[널스노트] 프론트엔드 리드 개발자,서울전체 ,경력 3~5년 학력무관 정규직,백엔드/서버개발 React 프론트엔드 DBA SE(시스템엔지니어),널스노트(주)
java 또는 node.js  2년이상 경력 개발자 모집,서울전체 ,경력 2~10년 학력무관 정규직,백엔드/서버개발 ReactJS React 웹개발 프론트엔드,(주)아이테크
웹(프론트엔드/백엔드) 개발자,서울전체 ,경력 2~15년 학력무관 정규직,백엔드/서버개발 React 웹개발 퍼블리셔 프론트엔드,(주)튜닙
개발 매니저(PM),서울전체 ,경력 5~20년 학력무관 정규직,백엔드/서버개발 React 웹개발 프론트엔드 SE(시스템엔지니어),(주)이스트몹
"Web 프론트엔드 개발자(병역특례 보충역 편입가능, 현역 편입불가)",서울전체 ,경력 3~15년 학력무관 정규직,백엔드/서버개발 React-Native React 앱개발 웹개발,(주)이스트몹
[팀윙크] 프론트엔드 개발자 (주니어),서울전체 ,경력 1~3년 대졸↑ 정규직,백엔드/서버개발 ReactJS React 웹개발 퍼블리셔,팀윙크(주)
WATT에서 함께할 Backend Developer를 찾습니다,서울 송파구 ,경력3년↑ 학력무관 정규직·계약직,백엔드/서버개발 React 머신러닝 알고리즘 자율주행,(주)와트
2021년도 프론트엔드 신입/경력 개발자 채용,서울 금천구 ,"경력 4~10년 학력무관 정규직 5,000 만원",백엔드/서버개발 React 앱개발 프론트엔드 네트워크,오투오페이먼트(주)
2021년 아임유어박스 영업직 / 백엔드&서버개발 신규 채용[서울],서울전체 ,경력무관 학력무관 정규직,백엔드/서버개발 React 프론트엔드 영업관리 영업지원,주식회사 아임유어박스
SW Engineer,서울전체 ,신입·경력 대졸↑ 정규직,백엔드/서버개발 React-Native React 웹개발 퍼블리셔,(주)라온데이터
[Freed Group] Front-end 개발자 (Jr~Sr),서울전체 ,경력 3~10년 학력무관 정규직,백엔드/서버개발 ReactJS React 웹개발 프론트엔드,프리디그룹엘티디
웹 프로그래머 신입/경력 채용,서울전체 ,신입·경력 학력무관 정규직,백엔드/서버개발 ReactJS React 웹개발 퍼블리셔,모두먼트(주)
"(모두의장비) 웹 서비스 개발 팀원을 구합니다. (.NET, .js)",서울 서초구 ,경력무관 학력무관 정규직·계약직,백엔드/서버개발 React 웹개발 퍼블리셔 프론트엔드,아움컴퍼니
웹 풀스택 개발자,서울전체 ,경력 2~15년 학력무관 정규직,백엔드/서버개발 ReactJS React 웹개발 퍼블리셔,리빌더에이아이
[AIT] [2022년 상반기 수시채용] 각 분야별 직원 모집,서울 강남구 ,경력 학력무관 정규직,백엔드/서버개발 ReactJS React 프론트엔드 블록체인,(주)액츠29
Product Manager (Technical),서울전체 ,경력 2~10년 학력무관 정규직,백엔드/서버개발 React-Native React 웹개발 프론트엔드,한국미소(유)
웹 개발 프로그래머 경력자 프리랜서 공고(고급/중급),서울 금천구 ,경력 5~20년 초대졸↑ 계약직,백엔드/서버개발 React 웹개발 프론트엔드 Java,유브갓프렌즈
웹 개발 프로그래머 경력자 정규직 공고(고급/중급),서울 금천구 ,경력 5~20년 초대졸↑ 정규직·계약직,백엔드/서버개발 React 웹개발 프론트엔드 Java,유브갓프렌즈
JAVA 웹 초급 개발자 모십니다.,서울 종로구 ,경력1년↑ 초대졸↑ 정규직,백엔드/서버개발 React 앱개발 웹개발 프론트엔드,(주)솔게이트
[빅데이터 마케팅 플랫폼 기업] 프론트엔드(정규직),서울 강남구 ,경력 3~10년 대졸↑ 정규직,백엔드/서버개발 ReactJS React 프론트엔드 데이터시각화,에이치알포유(주)
[핀테크 전문 IT기업] 백엔드 / 프론트엔드 시니어급,서울 서초구 ,경력8년↑ 대졸↑ 정규직,백엔드/서버개발 React 프론트엔드 핀테크 API,(주)브이비젼
최고의 복지로 함께할 '백엔드 개발자'를 찾습니다,서울 중구 ,경력무관 학력무관 정규직,백엔드/서버개발 React 웹개발 퍼블리셔 프론트엔드,주식회사 성진에이치디에스
2022년 상반기 스마트퓨쳐 개발자 채용,서울 서초구 ,경력무관 학력무관 정규직·계약직,백엔드/서버개발 React-Native React 앱개발 웹개발,(주)스마트퓨쳐
(신입/경력) 소프트웨어 연구/개발 인력 모집,서울 송파구 ,신입·경력 초대졸↑ 정규직,백엔드/서버개발 React 앱개발 프론트엔드 API,(주)위비즈넷
[메가존계열사] 웹개발자(텍스트 분석 시각화) 모집,서울 강남구 ,경력무관 학력무관 정규직,백엔드/서버개발 React 프론트엔드 CSS3 HTML5,메이슨인텔리전스(주)
마케팅 및 디자인 경력자 모집,서울 강남구 ,경력2년↑ 학력무관 정규직,백엔드/서버개발 React 퍼블리셔 프론트엔드 CSS3,가즘
[대기업 계열사] 프론트엔드/백엔드 개발 경력 채용(서울 강남),서울 강남구 ,경력 5~11년 대졸↑ 정규직,백엔드/서버개발 React 프론트엔드 Linux 솔루션,위더스파트너스 주식회사
긴급) 업계 최고 대기업 - Front-end Engineer (3년 이상),서울전체 ,경력3년↑ 학력무관 정규직,백엔드/서버개발 React 웹개발 퍼블리셔 프론트엔드,휴머레인컨설팅
긴급) Front-end Engineer (3년 이상) - 업계 최고 대기업,서울전체 ,경력3년↑ 학력무관 정규직,백엔드/서버개발 React 웹개발 퍼블리셔 프론트엔드,휴머레인컨설팅
웹개발(full stact)/5년이상/Max칠천만원,서울 강남구 ,경력 5~10년 학력무관 정규직,백엔드/서버개발 ReactJS React 웹개발 프론트엔드,탑커리어인사이트
개발직군-플랫폼 개발자 모집,서울 강남구 ,경력 2~5년 학력무관 정규직,백엔드/서버개발 React 웹개발 프론트엔드 HTML,(주)투게더아트
웹 개발자 채용 공고(정규직),서울 송파구 ,경력1년↑ 학력무관 정규직,백엔드/서버개발 React 프론트엔드 Angular Git,주식회사 에너슨
웹 개발 프로그래머 정규/프리랜서 공고(고급/중급),서울 중구 ,경력 5~20년 초대졸↑ 정규직·계약직,백엔드/서버개발 React 웹개발 프론트엔드 Java,유브갓프렌즈
"[워라밸 1 시간 단축 근무] C/C++ 서버, MFC/QT, 백엔드 개발",서울 금천구 ,신입·경력 초대졸↑ 정규직,백엔드/서버개발 React 게임개발 기술지원 웹개발,주식회사 이스터에그스튜디오
[빅데이터 마케팅 플랫폼 기업] 프론트엔드,서울 강남구 ,경력 3~10년 대졸↑ 정규직,백엔드/서버개발 ReactJS React 프론트엔드 데이터시각화,에이치알포유(주)
"[WOWPLANET] 웹기획/개발, 앱기획/개발 유관부서 채용",서울 용산구 ,경력무관 학력무관 정규직,백엔드/서버개발 React 앱개발 웹개발 웹마스터,(주)와우플래닛
백엔드개발자(디지털헬스케어기업),서울 강남구 ,경력10년↑ 대졸↑ 정규직,백엔드/서버개발 React 클라우드 API AWS,써치스퀘어
"[호텔에삶] 라라벨 개발자 (Laravel, php)",서울전체 ,경력 3~10년 학력무관 정규직,백엔드/서버개발 ReactJS React 웹개발 퍼블리셔,(주)트래블메이커스
IT웹개발,서울전체 ,경력 3~5년 대졸↑ 정규직,백엔드/서버개발 React 웹개발 퍼블리셔 프론트엔드,나이스지니데이타(주)
패션과 최신IT트랜드 접목의 앱 개발자,서울전체 ,경력 1~10년 학력무관 정규직,백엔드/서버개발 React 앱개발 웹개발 프론트엔드,(주)지에프앤엘
php 프론트엔드 개발자,서울전체 ,경력 2~10년 초대졸↑ 정규직,백엔드/서버개발 React 웹개발 프론트엔드 SE(시스템엔지니어),(주)시닉스
풀스택 개발자,서울전체 ,경력 3~7년 학력무관 정규직,백엔드/서버개발 React 프론트엔드 AWS 클라우드,(주)누비랩
Back-End 개발자(3년 이상 필수),서울전체 ,경력 3~7년 대졸↑ 정규직,백엔드/서버개발 React 웹개발 프론트엔드 DBA,(주)패니지먼트
웹개발자 (프론트엔드 개발),서울전체 ,경력 3~6년 학력무관 정규직,백엔드/서버개발 React 웹개발 퍼블리셔 프론트엔드,(주)골든플래닛
시스템개발자 (백엔드 개발),서울전체 ,경력 3~6년 학력무관 정규직,백엔드/서버개발 React 웹개발 SE(시스템엔지니어) .NET,(주)골든플래닛
[주4일근무]서버 백엔드 개발,서울전체 ,경력 3~20년 학력무관 정규직,백엔드/서버개발 ReactJS React 웹개발 프론트엔드,(주)즐거움을더하다
[로위(LOWE)] 공유미용실 백엔드 엔지니어(Backend Engineer),서울 마포구 ,경력 학력무관 정규직,백엔드/서버개발 React 프론트엔드 API RDBMS,(주)벤틀스페이스
[로위(LOWE)] 공유미용실 프론트엔드 엔지니어(Front-end),서울 마포구 ,경력 학력무관 정규직,백엔드/서버개발 ReactJS React 프론트엔드 RDBMS,(주)벤틀스페이스
Frontend Developer - 서비스 개발 채용(주 33시간 근무),서울 마포구 ,경력3년↑ 학력무관 정규직,백엔드/서버개발 React 데이터분석가 웹개발 프론트엔드,(주)뉴인
Frontend Developer - 차세대 솔루션 개발 채용(주 33시간 근무),서울 마포구 ,경력3년↑ 학력무관 정규직,백엔드/서버개발 React 데이터분석가 웹개발 프론트엔드,(주)뉴인
백엔드 개발자 (Java / 5년 이상),서울전체 ,경력 5~15년 학력무관 정규직,백엔드/서버개발 React 웹개발 프론트엔드 SE(시스템엔지니어),(주)하이어엑스
프론트엔드 개발자,서울전체 ,경력 2~5년 학력무관 정규직,백엔드/서버개발 ReactJS React 웹개발 퍼블리셔,(주)오비이랩
백엔드 개발자(팀장&팀원) - 물류 서비스 플랫폼(업계 1위),서울 강남구 ,경력4년↑ 학력무관 정규직,백엔드/서버개발 React 웹개발 API HTML,(주)핀커스코리아
하이브리드앱 개발 리더 정규직 채용,서울전체 ,경력1년↑ 학력무관 정규직,백엔드/서버개발 React-Native React 데이터엔지니어 앱개발,(주)잇팩
[IT스타트업] 2021년 하반기 전 직군 정직원 모집 ( 신입/경력 ),서울 구로구 ,경력무관 학력무관 정규직,백엔드/서버개발 ReactJS React 앱개발 프론트엔드,(주)뉴비즈스타트
OKPOS 백엔드 / 웹 프론트엔드 개발자 채용,서울 강남구 ,경력3년↑ 초대졸↑ 정규직,백엔드/서버개발 React Java Javascript JPA,(주)오케이포스
S/W 경력 개발자(Front/Back-End) 모집,서울 성동구 ,경력 4~10년 초대졸↑ 정규직,백엔드/서버개발 React 웹개발 프론트엔드 SpringBoot,(주)오픈잇
"메타버스 플랫폼의 back-end, 서버 개발 [경력]",서울전체 ,경력 3~10년 학력무관 정규직,백엔드/서버개발 ReactJS React 웹개발 프론트엔드,(주)지노텍
[코스닥 상장사] 연구개발본부 내 기술 PM 채용,서울전체 ,경력3년↑ 학력무관 정규직,백엔드/서버개발 ReactJS React 게임개발 앱개발,알서포트(주)
[기술연구소] 크로스 플랫폼 앱 개발담당/경력채용,서울 성동구 ,경력1년↑ 학력무관 정규직,백엔드/서버개발 ReactJS React-Native React 앱개발,주식회사마이게러지
웹개발자 경력직 채용,서울 중구 ,경력3년↑ 초대졸↑ 정규직,백엔드/서버개발 ReactJS React 웹개발 Java,(주)더브리즈
Backend JAVA 개발 경력직 모집,서울 송파구 ,경력 10~20년 대졸↑ 정규직,백엔드/서버개발 React Docker Node.js 클라우드,(주)씨브이네트
"프론트엔드 개발, 퍼블리싱, CSS (Vue.js)",서울전체 ,경력3년↑ 학력무관 정규직,백엔드/서버개발 React 퍼블리셔 프론트엔드 반응형웹,몰포에버(주)
[긴급][서울/문정역] 호텔 프로젝트 JAVA 개발 / Vue.js 개발자,서울 송파구 ,경력무관 초대졸↑ 프리랜서,백엔드/서버개발 ReactJS React 앱개발 웹개발,(주)에이블유컴즈
개발팀 프론트엔드 및 백엔드 과장급 경력자 채용,대전 서구 ,경력3년↑ 학력무관 정규직,백엔드/서버개발 ReactJS React 앱개발 웹개발,(주)코덱스브리지
경력직 Front-end (프론트엔드) 개발자 채용공고,서울 구로구 ,경력 1~5년 학력무관 정규직,백엔드/서버개발 React 프론트엔드 Node.js SI·시스템통합,(주)기원테크
뷰티 플랫폼 '밀리언즈' 백엔드 개발자 채용,서울 강남구 ,경력 5~10년 초대졸↑ 정규직,백엔드/서버개발 React 프론트엔드 클라우드 API,디퍼런트밀리언즈(주)
[슈가힐/네모] 백엔드 개발자 (경력),서울 강남구 ,경력3년↑ 학력무관 정규직,백엔드/서버개발 React ASP.NET C# MSSQL,(주)슈가힐
뛰어난 개발팀과 함께할 백앤드(node.js/AWS)개발자를 모십니다,서울 강남구 ,경력3년↑ 대졸↑ 정규직,백엔드/서버개발 ReactJS React-Native React AWS,(주)뉴플러스기획
[메가스터디교육 그룹] 마이스 - 백앤드 개발자 채용,서울 서초구 ,경력3년↑ 대졸↑ 정규직,백엔드/서버개발 React 데이터엔지니어 Node.js RestAPI,마이스
"웹개발자(풀스택 우대), AI휴먼(가상인간, STT, TTS), AI이미지",서울 강남구 ,경력 2~10년 학력무관 정규직·계약직,백엔드/서버개발 React 웹개발 프론트엔드 딥러닝,주식회사 메타랩
[SUPERTREE] Front-end / Back-end Engineer,서울 서초구 ,경력무관 학력무관 정규직,백엔드/서버개발 React 프론트엔드 TypeScript API,(주)수퍼트리
[TDI Group] 모바일사업본부 IOS/Android 개발자 채용,서울 서초구 ,경력2년↑ 학력무관 정규직,백엔드/서버개발 React 앱개발 프론트엔드 Android,(주)티디아이
[유명 뷰티 커머스]DevOps Engineer,서울 강남구 ,경력 3~12년 초대졸↑ 정규직,백엔드/서버개발 React 기술지원 데이터분석가 데이터엔지니어,㈜피플스카우트
[ 끌밋 ] IT 개발자 정규직 채용 공고 - 경력무관,서울 중구 ,경력무관 학력무관 정규직,백엔드/서버개발 React 퍼블리셔 프론트엔드 .NET,(주)끌밋
핀스프로토콜(페리 파이낸스) 채용 - 개발자,서울 강남구 ,신입·경력 학력무관 정규직,백엔드/서버개발 React 프론트엔드 AWS MongoDB,(주)핀스프로토콜
"2021인공지능 R&D 및 Production, DX Designer 채용",서울 관악구 ,경력무관 초대졸↑ 정규직·인턴직,백엔드/서버개발 ReactJS React-Native React 앱개발,(주)퀀텀에이아이
핀스프로토콜(페리 파이낸스) 채용 - 프로젝트 매니저 / CTO,서울 강남구 ,경력5년↑ 학력무관 정규직,백엔드/서버개발 React 프론트엔드 AWS MongoDB,(주)핀스프로토콜
[국내 유명 게임사] 부문별 채용 (개발/디자인/기획/QA),서울 강남구 ,경력 고졸↑ 정규직,백엔드/서버개발 React 게임개발 앱개발 프론트엔드,(주)바인컨설팅
(주)인터비젼 명동 정규직 채용 공고,서울전체 ,경력무관 학력무관 정규직,백엔드/서버개발 React API Flutter Java,(주)인터비젼
전자정부프레임워크 기반 솔루션 웹 개발자 모집,서울 강남구 ,경력 학력무관 정규직·계약직,백엔드/서버개발 React 웹개발 퍼블리셔 프론트엔드,(주)더원테크
2021년 하반기 백엔드/서버개발/ERP外 모집합니다,서울 금천구 ,"경력무관 학력무관 정규직 5,000 만원",백엔드/서버개발 React ERP SAP CentOS,에코스텍
웹개발 담당(프론트엔드 & 백엔드)-국내 Top 솔루션 벤쳐 회사,서울 강남구 ,경력무관 학력무관 정규직,백엔드/서버개발 React 프론트엔드 CSS GoLang,FORTISPTS Partners
"[인테리어티쳐] 개발팀(서버개발, 앱개발) 채용",서울 서초구 ,"경력3년↑ 학력무관 정규직 6,000 만원",백엔드/서버개발 React 앱개발 API DevOps,(주)인테리어티쳐
[서울강남] 웹개발 프로젝트 TL (Technical Leader),서울 강남구 ,경력7년↑ 학력무관 정규직,백엔드/서버개발 React 웹개발 프론트엔드 Node.js,위키에이드
이더리움 앱 개발 정규직 채용 (경력 1년 이상),서울 강남구 ,경력1년↑ 학력무관 정규직,백엔드/서버개발 ReactJS React 프론트엔드 API,플렉스웹
[헤이홈] IoT 서버 개발자,서울 금천구 ,경력무관 초대졸↑ 정규직,백엔드/서버개발 ReactJS React-Native React 게임개발,(주)고퀄
Brain Data Scientist 와 Software Developer를 채용합니다,서울 서초구 ,경력무관 대졸↑ 정규직,백엔드/서버개발 ReactJS React-Native React 데이터분석가,엘브이아이에스코리아
"RESTful, AWS 클라우드 백엔드 개발자 경력자 모집",서울 영등포구 ,"경력2년↑ 학력무관 정규직 3,800 만원",백엔드/서버개발 React 앱개발 웹개발 클라우드,(주)모스카스튜디오
[문토] Node.js 개발자를 찾습니다. (경력),서울 강남구 ,경력 대졸↑ 정규직,백엔드/서버개발 ReactJS React 앱개발 웹개발,(주)문토
어플리케이션/웹 개발자 경력사원 모집,서울 서초구 ,경력1년↑ 학력무관 정규직,백엔드/서버개발 ReactJS React-Native React 앱개발,디지털엑스
신입/경력 안드로이드 개발자 모집,서울 금천구 ,"경력무관 학력무관 정규직·파트 3,300 만원",백엔드/서버개발 React 앱개발 프론트엔드 Android,(주)도로시
어플리케이션/웹 개발자 경력사원 채용.,서울 서초구 ,경력1년↑ 학력무관 정규직,백엔드/서버개발 ReactJS React-Native React 앱개발,디지털엑스
"스타트업기업 프론트엔드 개발,유지보수 대리,과장급 구함(굿커",서울 강남구 ,경력 3~11년 초대졸↑ 정규직,백엔드/서버개발 ReactJS React 데이터분석가 데이터엔지니어,굿커리어
어플리케이션/웹 개발자 신입사원 채용.,서울 서초구 ,신입 대졸↑ 정규직,백엔드/서버개발 ReactJS React-Native React 앱개발,디지털엑스
[빅데이터 마케팅 플랫폼 기업] IOS(정규직),서울 강남구 ,경력 1~5년 대졸↑ 정규직,백엔드/서버개발 ReactJS React 앱개발 프론트엔드,에이치알포유(주)
[빅데이터 마케팅 플랫폼 기업] 데이터엔지니어(정규직),서울 강남구 ,경력 3~10년 대졸↑ 정규직,백엔드/서버개발 ReactJS React 프론트엔드 데이터시각화,에이치알포유(주)
"스타트업기업 웹서버 풀스택 개발 대리,과장급 구함(굿커리어)",서울 강남구 ,경력3년↑ 초대졸↑ 정규직,백엔드/서버개발 ReactJS React 데이터엔지니어 앱개발,굿커리어
[디펙트럼] 서버 개발자 채용 (신입 지원 가능),서울 마포구 ,경력무관 학력무관 정규직,백엔드/서버개발 React API Git Javascript,디펙트럼
웹/앱 프로그래머 신입/경력 채용,서울 송파구 ,경력1년↑ 학력무관 정규직,백엔드/서버개발 React 게임개발 앱개발 웹개발,해오름
실력있는 프론트앤드 개발자를 모집합니다,서울 성북구 ,경력무관 초대졸↑ 정규직,백엔드/서버개발 ReactJS React 프론트엔드,락컴퍼니
[빅데이터 마케팅 플랫폼 기업] 데이터엔지니어,서울 강남구 ,경력 3~10년 대졸↑ 정규직,백엔드/서버개발 ReactJS React 프론트엔드 데이터시각화,에이치알포유(주)
[빅데이터 마케팅 플랫폼 기업] IOS,서울 강남구 ,경력 1~5년 대졸↑ 정규직,백엔드/서버개발 ReactJS React 앱개발 프론트엔드,에이치알포유(주)
[빅데이터 마케팅 플랫폼 기업] 사이트분석 담당,서울 강남구 ,경력 4~12년 대졸↑ 정규직,백엔드/서버개발 ReactJS React 프론트엔드 데이터시각화,에이치알포유(주)
[ IT 대기업 ] 인공지능(AI) Software Engineer 채용,서울 강남구 ,경력2년↑ 대졸↑ 정규직,백엔드/서버개발 React 앱개발 프론트엔드 딥러닝,(주)핀커스코리아
"[IT 대기업] Mobile SDK 엔지니어, Computer Graphics 엔지니어",서울 강남구 ,경력4년↑ 학력무관 정규직,백엔드/서버개발 React 앱개발 프론트엔드 딥러닝,(주)핀커스코리아
Front End 개발자 채용,서울 성동구 ,경력무관 초대졸↑ 정규직,백엔드/서버개발 웹개발 프론트엔드 AWS Java,(주)헬로디지털
[웹개발자] NFT 게임 포털 웹 개발자 채용 (업계최고대우),서울 강남구 ,경력5년↑ 학력무관 정규직,백엔드/서버개발 웹개발 Java MongoDB Node.js,주식회사 유니플로우
웹 개발 및 하이브리드 앱 개발,서울 금천구 ,경력10년↑ 학력무관 정규직,백엔드/서버개발 앱개발 웹개발 퍼블리셔 프론트엔드,(주)유엑스스토리
프론트엔드 / 백엔드 / 앱 개발 부문 채용,서울 광진구 ,경력 학력무관 정규직,백엔드/서버개발 앱개발 프론트엔드 Flutter Android,(주)데브크라
서버개발자(벡앤드) 정규직 채용,서울 강남구 ,경력 3~7년 학력무관 정규직,백엔드/서버개발 웹개발 네트워크 Nginx AWS,(주)오비이랩
Java  & web기반 경력직 채용,서울 강남구 ,경력 5~10년 초대졸↑ 정규직,백엔드/서버개발 웹개발 프론트엔드 SE(시스템엔지니어) HTML,(주)아트만파트너스
소프트웨어 개발자 (WebRTC UC & Collaboration),서울 금천구 ,경력 2~8년 대졸↑ 정규직,백엔드/서버개발 React-Native 웹개발 프론트엔드 CSS,에릭슨엘지(주)
[티몬] 서버 개발자 채용,서울 강남구 ,경력2년↑ 초대졸↑ 정규직,백엔드/서버개발 웹개발 Java PHP API,(주)티몬
[골프존GDR아카데미] 각 직무별 개발자 모집,서울 강남구 ,경력5년↑ 학력무관 정규직,백엔드/서버개발 프론트엔드 Android iOS API,골프존지디알아카데미(주)
(경력) GIS 개발자,서울 서초구 ,경력5년↑ 학력무관 정규직·계약직,백엔드/서버개발 SI개발 GIS 풀스택 솔루션,엔에스원소프트(주)
"백엔드, 프론트엔드, 퍼블리싱, 앱 개발자 채용",서울 강남구 ,경력3년↑ 학력무관 정규직,백엔드/서버개발 퍼블리셔 프론트엔드 모델링 API,(주)이모션글로벌
백엔드 개발자,서울전체 ,경력 3~10년 학력무관 정규직,백엔드/서버개발 앱개발 웹개발 프론트엔드 DBA,오이스터에이블(주)
[포티투마루] 스윙챗 개발자 채용,서울 서초구 ,경력2년↑ 학력무관 정규직·계약직,백엔드/서버개발 프론트엔드 검색엔진 머신러닝 챗봇,주식회사 포티투마루
"선불 프론트엔드, 백엔드 개발자 채용 (경력)",서울 구로구 ,경력 학력무관 정규직,백엔드/서버개발 앱개발 웹개발 프론트엔드 DBA,웰컴페이먼츠(주)
[정규직] 웹 프로그래머 / 웹 디자이너 / 서비스 및 고객 관리,서울 종로구 ,경력무관 학력무관 정규직,백엔드/서버개발 앱개발 웹개발 퍼블리셔 웹표준·웹접근성,(주)멘토뱅크
JAVA 서버/프런트 개발 경력직 모집,서울 영등포구 ,경력 3~7년 초대졸↑ 정규직,백엔드/서버개발 웹개발 프론트엔드 Java MySQL,(주)펜타웍스
웹 프론트엔드/Node 서버 개발자/기획자/안드로이드 개발자 채용,서울전체 ,경력2년↑ 학력무관 정규직,백엔드/서버개발 웹개발 퍼블리셔 프론트엔드 Nginx,(주)아이티엘
[글로벌1위 미디어에이전시] 온라인 광고 솔루션  및 기술 개발,서울 강남구 ,경력4년↑ 초대졸↑ 정규직,백엔드/서버개발 기술지원 데이터분석가 보안컨설팅 웹마스터,(주)그룹엠코리아
팀장급 백엔드(AWS) 경력직 모집합니다,서울 서초구 ,"경력5년↑ 학력무관 정규직 5,500 만원",백엔드/서버개발 AWS Flutter GCP MongoDB,(주)엔터크라우드
글로벌업계1위기업 IT웹개발/서버구축/Controller재무회계,서울 마포구 ,경력 5~10년 대졸↑ 정규직,백엔드/서버개발 웹개발 AICPA 세무회계 회계,HR컨설팅(주)
모빌리티 FMS(차량관제서비스) 백엔드 경력 개발자,서울전체 ,경력 3~10년 학력무관 정규직,백엔드/서버개발 웹개발 프론트엔드 SE(시스템엔지니어) 딥러닝,(주)아이마스
[한국금거래소디지털에셋] 개발자 정규직 및 프리랜서 모집,서울 종로구 ,경력 3~10년 학력무관 정규직·프리랜서,백엔드/서버개발 프론트엔드 유지보수 API CSS,(주)한국금거래소디지털에셋
[플랫폼 서비스 기업] Frontend Developer,서울 강남구 ,경력 5~10년 초대졸↑ 정규직,백엔드/서버개발 Java Kotlin Python Scala,(주)에스유스카우트
Node.js 기반의 Back-End 개발 신입 및 경력 모집,서울 강남구 ,경력무관 고졸↑ 정규직,백엔드/서버개발 RDBMS Git Javascript MySQL,일공이사
핀트(Fint) 서버 개발자,서울전체 ,경력 2~10년 대졸↑ 정규직,백엔드/서버개발 웹개발 DBA SE(시스템엔지니어) 딥러닝,(주)디셈버앤컴퍼니자산운용
패션 숏폼 미디어 플랫폼 클로넷스토어  풀스택 개발자 채용,서울 강남구 ,경력 3~10년 대졸↑ 정규직,백엔드/서버개발 웹개발 Java PM(프로젝트매니저) 프론트엔드,(주)클로넷코퍼레이션
블록체인 플랫폼 백엔드 엔지니어 (Node.js/경력) 정규직 모집,서울 강남구 ,경력 3~7년 학력무관 정규직,백엔드/서버개발 React-Native Node.js 프론트엔드 네트워크,주식회사 매스어답션
